fra;semaine;cl_age90;Nb_tests_PCR_TA_crible;Prc_tests_PCR_TA_crible;Nb_susp_501Y_V1;Prc_susp_501Y_V1;Nb_susp_501Y_V2_3;Prc_susp_501Y_V2_3;Nb_susp_IND;Prc_susp_IND;Nb_susp_ABS;Prc_susp_ABS
FR;2021-02-12-2021-02-18;09;3768;59.5;1905;50.6;161;4.3;378;10;1324;35.1
FR;2021-02-12-2021-02-18;19;11123;56.4;5355;48.1;574;5.2;873;7.8;4321;38.8
FR;2021-02-12-2021-02-18;29;12443;52.4;5736;46.1;669;5.4;988;7.9;5050;40.6
FR;2021-02-12-2021-02-18;39;13026;53.4;6314;48.5;612;4.7;999;7.7;5101;39.2
FR;2021-02-12-2021-02-18;49;13057;54.7;6266;48;570;4.4;977;7.5;5244;40.2
FR;2021-02-12-2021-02-18;59;11830;55.6;5263;44.5;515;4.4;971;8.2;5081;43
FR;2021-02-12-2021-02-18;69;8506;56.3;3531;41.5;418;4.9;663;7.8;3894;45.8
FR;2021-02-12-2021-02-18;79;5485;55.3;1916;34.9;176;3.2;503;9.2;2890;52.7
FR;2021-02-12-2021-02-18;89;4597;56.7;1328;28.9;149;3.2;470;10.2;2650;57.6
FR;2021-02-12-2021-02-18;90;2573;57.3;690;26.8;80;3.1;251;9.8;1552;60.3
FR;2021-02-13-2021-02-19;09;3882;60.9;2015;51.9;153;3.9;418;10.8;1296;33.4
FR;2021-02-13-2021-02-19;19;11648;57.7;5787;49.7;591;5.1;938;8.1;4332;37.2
FR;2021-02-13-2021-02-19;29;13217;53.8;6336;47.9;693;5.2;1151;8.7;5037;38.1
FR;2021-02-13-2021-02-19;39;13584;54.2;6746;49.7;620;4.6;1129;8.3;5089;37.5
FR;2021-02-13-2021-02-19;49;13787;55.9;6826;49.5;605;4.4;1106;8;5250;38.1
FR;2021-02-13-2021-02-19;59;12545;57.1;5841;46.6;574;4.6;1068;8.5;5062;40.4
FR;2021-02-13-2021-02-19;69;8975;57.6;3869;43.1;464;5.2;780;8.7;3862;43
FR;2021-02-13-2021-02-19;79;5724;56.6;2138;37.4;194;3.4;540;9.4;2852;49.8
FR;2021-02-13-2021-02-19;89;4731;57.9;1430;30.2;154;3.3;514;10.9;2633;55.7
FR;2021-02-13-2021-02-19;90;2548;57;706;27.7;87;3.4;266;10.4;1489;58.4
FR;2021-02-14-2021-02-20;09;3933;61.5;2092;53.2;162;4.1;415;10.6;1264;32.1
FR;2021-02-14-2021-02-20;19;11904;58.2;5996;50.4;638;5.4;972;8.2;4298;36.1
FR;2021-02-14-2021-02-20;29;13481;54.1;6600;49;713;5.3;1173;8.7;4995;37.1
FR;2021-02-14-2021-02-20;39;13907;54.6;6996;50.3;639;4.6;1163;8.4;5109;36.7
FR;2021-02-14-2021-02-20;49;14121;56.2;7108;50.3;616;4.4;1125;8;5272;37.3
FR;2021-02-14-2021-02-20;59;12877;57.4;6119;47.5;594;4.6;1099;8.5;5065;39.3
FR;2021-02-14-2021-02-20;69;9127;57.8;4033;44.2;479;5.2;794;8.7;3821;41.9
FR;2021-02-14-2021-02-20;79;5886;57.2;2233;37.9;199;3.4;565;9.6;2889;49.1
FR;2021-02-14-2021-02-20;89;4786;58.3;1495;31.2;163;3.4;515;10.8;2613;54.6
FR;2021-02-14-2021-02-20;90;2574;57.7;741;28.8;84;3.3;271;10.5;1478;57.4
FR;2021-02-15-2021-02-21;09;3964;61.6;2118;53.4;165;4.2;420;10.6;1261;31.8
FR;2021-02-15-2021-02-21;19;11959;58.3;6041;50.5;645;5.4;980;8.2;4293;35.9
FR;2021-02-15-2021-02-21;29;13598;54.3;6665;49;718;5.3;1201;8.8;5014;36.9
FR;2021-02-15-2021-02-21;39;13952;54.7;7044;50.5;633;4.5;1174;8.4;5101;36.6
FR;2021-02-15-2021-02-21;49;14239;56.4;7206;50.6;624;4.4;1135;8;5274;37
FR;2021-02-15-2021-02-21;59;12952;57.5;6181;47.7;593;4.6;1104;8.5;5074;39.2
FR;2021-02-15-2021-02-21;69;9190;58;4083;44.4;466;5.1;808;8.8;3833;41.7
FR;2021-02-15-2021-02-21;79;5949;57.4;2276;38.3;200;3.4;582;9.8;2891;48.6
FR;2021-02-15-2021-02-21;89;4849;59;1533;31.6;165;3.4;525;10.8;2626;54.2
FR;2021-02-15-2021-02-21;90;2602;58.7;757;29.1;89;3.4;287;11;1469;56.5
FR;2021-02-16-2021-02-22;09;4031;61.7;2199;54.6;161;4;422;10.5;1249;31
FR;2021-02-16-2021-02-22;19;12499;59.2;6507;52.1;658;5.3;1033;8.3;4301;34.4
FR;2021-02-16-2021-02-22;29;14465;55.4;7404;51.2;736;5.1;1274;8.8;5051;34.9
FR;2021-02-16-2021-02-22;39;14617;55.5;7633;52.2;663;4.5;1244;8.5;5077;34.7
FR;2021-02-16-2021-02-22;49;14948;57.5;7941;53.1;644;4.3;1235;8.3;5128;34.3
FR;2021-02-16-2021-02-22;59;13773;58.3;6832;49.6;646;4.7;1163;8.4;5132;37.3
FR;2021-02-16-2021-02-22;69;9670;59.2;4508;46.6;515;5.3;856;8.9;3791;39.2
FR;2021-02-16-2021-02-22;79;6153;57.8;2516;40.9;225;3.7;630;10.2;2782;45.2
FR;2021-02-16-2021-02-22;89;4869;59.4;1699;34.9;151;3.1;532;10.9;2487;51.1
FR;2021-02-16-2021-02-22;90;2558;59.8;805;31.5;85;3.3;294;11.5;1374;53.7
FR;2021-02-17-2021-02-23;09;4120;62.3;2299;55.8;186;4.5;416;10.1;1219;29.6
FR;2021-02-17-2021-02-23;19;12898;60.2;6904;53.5;704;5.5;1055;8.2;4235;32.8
FR;2021-02-17-2021-02-23;29;15034;56.1;7888;52.5;790;5.3;1356;9;5000;33.3
FR;2021-02-17-2021-02-23;39;15139;56.2;8138;53.8;736;4.9;1300;8.6;4965;32.8
FR;2021-02-17-2021-02-23;49;15472;58.2;8423;54.4;702;4.5;1266;8.2;5081;32.8
FR;2021-02-17-2021-02-23;59;14302;59.1;7383;51.6;686;4.8;1219;8.5;5014;35.1
FR;2021-02-17-2021-02-23;69;10025;59.7;4903;48.9;547;5.5;893;8.9;3682;36.7
FR;2021-02-17-2021-02-23;79;6464;58.7;2794;43.2;246;3.8;677;10.5;2747;42.5
FR;2021-02-17-2021-02-23;89;4859;59.8;1831;37.7;151;3.1;550;11.3;2327;47.9
FR;2021-02-17-2021-02-23;90;2515;60.4;814;32.4;95;3.8;281;11.2;1325;52.7
FR;2021-02-18-2021-02-24;09;4260;63.6;2435;57.2;189;4.4;416;9.8;1220;28.6
FR;2021-02-18-2021-02-24;19;13216;60.8;7273;55;741;5.6;1007;7.6;4195;31.7
FR;2021-02-18-2021-02-24;29;15380;56.4;8369;54.4;827;5.4;1351;8.8;4833;31.4
FR;2021-02-18-2021-02-24;39;15376;56.5;8468;55.1;757;4.9;1331;8.7;4820;31.3
FR;2021-02-18-2021-02-24;49;15819;58.9;8830;55.8;755;4.8;1274;8.1;4960;31.4
FR;2021-02-18-2021-02-24;59;14645;59.6;7818;53.4;733;5;1191;8.1;4903;33.5
FR;2021-02-18-2021-02-24;69;10339;60.5;5282;51.1;542;5.2;922;8.9;3593;34.8
FR;2021-02-18-2021-02-24;79;6630;59.2;3065;46.2;245;3.7;670;10.1;2650;40
FR;2021-02-18-2021-02-24;89;4837;60.4;1922;39.7;154;3.2;543;11.2;2218;45.9
FR;2021-02-18-2021-02-24;90;2406;59.2;830;34.5;83;3.4;260;10.8;1233;51.2
FR;2021-02-19-2021-02-25;09;4358;64.2;2553;58.6;190;4.4;418;9.6;1197;27.5
FR;2021-02-19-2021-02-25;19;13525;61.6;7659;56.6;744;5.5;1034;7.6;4088;30.2
FR;2021-02-19-2021-02-25;29;15615;56.9;8713;55.8;854;5.5;1405;9;4643;29.7
FR;2021-02-19-2021-02-25;39;15621;56.8;8867;56.8;754;4.8;1336;8.6;4664;29.9
FR;2021-02-19-2021-02-25;49;15885;59.2;9058;57;781;4.9;1311;8.3;4735;29.8
FR;2021-02-19-2021-02-25;59;14958;60;8230;55;768;5.1;1198;8;4762;31.8
FR;2021-02-19-2021-02-25;69;10584;60.9;5545;52.4;597;5.6;926;8.7;3516;33.2
FR;2021-02-19-2021-02-25;79;6701;59.1;3214;48;239;3.6;697;10.4;2551;38.1
FR;2021-02-19-2021-02-25;89;4719;60.5;1969;41.7;160;3.4;508;10.8;2082;44.1
FR;2021-02-19-2021-02-25;90;2324;59.5;842;36.2;83;3.6;260;11.2;1139;49
FR;2021-02-20-2021-02-26;09;4499;65;2692;59.8;235;5.2;410;9.1;1162;25.8
FR;2021-02-20-2021-02-26;19;13714;62.2;7945;57.9;828;6;1065;7.8;3876;28.3
FR;2021-02-20-2021-02-26;29;15640;57.1;8981;57.4;898;5.7;1357;8.7;4404;28.2
FR;2021-02-20-2021-02-26;39;15687;57.3;9142;58.3;805;5.1;1330;8.5;4410;28.1
FR;2021-02-20-2021-02-26;49;15953;59.5;9337;58.5;824;5.2;1272;8;4520;28.3
FR;2021-02-20-2021-02-26;59;15039;60;8519;56.6;793;5.3;1152;7.7;4575;30.4
FR;2021-02-20-2021-02-26;69;10621;61.1;5778;54.4;575;5.4;867;8.2;3401;32
FR;2021-02-20-2021-02-26;79;6755;59.4;3340;49.4;278;4.1;705;10.4;2432;36
FR;2021-02-20-2021-02-26;89;4663;59.9;2054;44;168;3.6;499;10.7;1942;41.6
FR;2021-02-20-2021-02-26;90;2243;58.8;851;37.9;85;3.8;240;10.7;1067;47.6
FR;2021-02-21-2021-02-27;09;4524;65;2753;60.9;231;5.1;415;9.2;1125;24.9
FR;2021-02-21-2021-02-27;19;13738;62;8075;58.8;815;5.9;1067;7.8;3781;27.5
FR;2021-02-21-2021-02-27;29;15777;57.3;9186;58.2;928;5.9;1377;8.7;4286;27.2
FR;2021-02-21-2021-02-27;39;15646;57.3;9217;58.9;832;5.3;1323;8.5;4274;27.3
FR;2021-02-21-2021-02-27;49;16070;59.7;9482;59;869;5.4;1267;7.9;4452;27.7
FR;2021-02-21-2021-02-27;59;15042;60.2;8618;57.3;814;5.4;1155;7.7;4455;29.6
FR;2021-02-21-2021-02-27;69;10751;61.5;5874;54.6;618;5.7;880;8.2;3379;31.4
FR;2021-02-21-2021-02-27;79;6775;59.5;3429;50.6;293;4.3;690;10.2;2363;34.9
FR;2021-02-21-2021-02-27;89;4640;60;2083;44.9;163;3.5;498;10.7;1896;40.9
FR;2021-02-21-2021-02-27;90;2224;59;850;38.2;91;4.1;241;10.8;1042;46.9
FR;2021-02-22-2021-02-28;09;4508;64.8;2739;60.8;229;5.1;415;9.2;1125;25
FR;2021-02-22-2021-02-28;19;13781;62.1;8103;58.8;815;5.9;1074;7.8;3789;27.5
FR;2021-02-22-2021-02-28;29;15805;57.3;9221;58.3;926;5.9;1385;8.8;4273;27
FR;2021-02-22-2021-02-28;39;15700;57.5;9264;59;838;5.3;1328;8.5;4270;27.2
FR;2021-02-22-2021-02-28;49;16067;59.8;9481;59;878;5.5;1273;7.9;4435;27.6
FR;2021-02-22-2021-02-28;59;15047;60.2;8647;57.5;821;5.5;1139;7.6;4440;29.5
FR;2021-02-22-2021-02-28;69;10751;61.5;5898;54.9;617;5.7;869;8.1;3367;31.3
FR;2021-02-22-2021-02-28;79;6745;59.3;3437;51;294;4.4;666;9.9;2348;34.8
FR;2021-02-22-2021-02-28;89;4621;60;2096;45.4;168;3.6;488;10.6;1869;40.4
FR;2021-02-22-2021-02-28;90;2213;59;858;38.8;91;4.1;233;10.5;1031;46.6
FR;2021-02-23-2021-03-01;09;4538;65.4;2841;62.6;225;5;410;9;1062;23.4
FR;2021-02-23-2021-03-01;19;13927;62.1;8476;60.9;844;6.1;1057;7.6;3550;25.5
FR;2021-02-23-2021-03-01;29;15854;57.9;9592;60.5;926;5.8;1373;8.7;3963;25
FR;2021-02-23-2021-03-01;39;15783;58.4;9675;61.3;885;5.6;1315;8.3;3908;24.8
FR;2021-02-23-2021-03-01;49;16045;60.5;9787;61;896;5.6;1193;7.4;4169;26
FR;2021-02-23-2021-03-01;59;14925;60.7;8952;60;855;5.7;1136;7.6;3982;26.7
FR;2021-02-23-2021-03-01;69;10831;61.7;6149;56.8;643;5.9;854;7.9;3185;29.4
FR;2021-02-23-2021-03-01;79;6751;60;3620;53.6;294;4.4;630;9.3;2207;32.7
FR;2021-02-23-2021-03-01;89;4447;59.8;2099;47.2;162;3.6;472;10.6;1714;38.5
FR;2021-02-23-2021-03-01;90;2023;58.7;833;41.2;79;3.9;218;10.8;893;44.1
FR;2021-02-24-2021-03-02;09;4587;65.8;2948;64.3;216;4.7;431;9.4;992;21.6
FR;2021-02-24-2021-03-02;19;13953;61.9;8723;62.5;802;5.7;1068;7.7;3360;24.1
FR;2021-02-24-2021-03-02;29;15996;58.2;9945;62.2;896;5.6;1385;8.7;3770;23.6
FR;2021-02-24-2021-03-02;39;15664;58.5;9846;62.9;882;5.6;1303;8.3;3633;23.2
FR;2021-02-24-2021-03-02;49;15864;60.6;9913;62.5;859;5.4;1208;7.6;3884;24.5
FR;2021-02-24-2021-03-02;59;14797;60.7;9049;61.2;829;5.6;1118;7.6;3801;25.7
FR;2021-02-24-2021-03-02;69;10828;61.4;6308;58.3;628;5.8;860;7.9;3032;28
FR;2021-02-24-2021-03-02;79;6626;59.3;3715;56.1;282;4.3;604;9.1;2025;30.6
FR;2021-02-24-2021-03-02;89;4348;58.9;2103;48.4;169;3.9;459;10.6;1617;37.2
FR;2021-02-24-2021-03-02;90;1901;57.9;836;44;71;3.7;216;11.4;778;40.9
FR;2021-02-25-2021-03-03;09;4575;64.8;2996;65.5;207;4.5;435;9.5;937;20.5
FR;2021-02-25-2021-03-03;19;14042;61.7;9022;64.3;768;5.5;1093;7.8;3159;22.5
FR;2021-02-25-2021-03-03;29;16045;58.3;10218;63.7;855;5.3;1404;8.8;3568;22.2
FR;2021-02-25-2021-03-03;39;15703;58.6;10068;64.1;885;5.6;1320;8.4;3430;21.8
FR;2021-02-25-2021-03-03;49;15731;60.4;10101;64.2;816;5.2;1202;7.6;3612;23
FR;2021-02-25-2021-03-03;59;14623;60.2;9130;62.4;804;5.5;1099;7.5;3590;24.6
FR;2021-02-25-2021-03-03;69;10697;61;6347;59.3;628;5.9;852;8;2870;26.8
FR;2021-02-25-2021-03-03;79;6529;58.6;3726;57.1;297;4.5;602;9.2;1904;29.2
FR;2021-02-25-2021-03-03;89;4176;57.6;2089;50;159;3.8;446;10.7;1482;35.5
FR;2021-02-25-2021-03-03;90;1803;57.5;826;45.8;75;4.2;216;12;686;38
FR;2021-02-26-2021-03-04;09;4662;65.1;3109;66.7;214;4.6;460;9.9;879;18.9
FR;2021-02-26-2021-03-04;19;14065;61.7;9244;65.7;759;5.4;1094;7.8;2968;21.1
FR;2021-02-26-2021-03-04;29;16181;58.4;10571;65.3;832;5.1;1409;8.7;3369;20.8
FR;2021-02-26-2021-03-04;39;15591;58.6;10142;65.1;895;5.7;1318;8.5;3236;20.8
FR;2021-02-26-2021-03-04;49;15735;60.6;10320;65.6;804;5.1;1202;7.6;3409;21.7
FR;2021-02-26-2021-03-04;59;14410;60.3;9163;63.6;767;5.3;1135;7.9;3345;23.2
FR;2021-02-26-2021-03-04;69;10604;61.2;6405;60.4;598;5.6;848;8;2753;26
FR;2021-02-26-2021-03-04;79;6432;58.8;3800;59.1;289;4.5;564;8.8;1779;27.7
FR;2021-02-26-2021-03-04;89;4094;57.2;2112;51.6;161;3.9;454;11.1;1367;33.4
FR;2021-02-26-2021-03-04;90;1709;57.2;825;48.3;71;4.2;207;12.1;606;35.5
FR;2021-02-27-2021-03-05;09;4743;64.6;3176;67;200;4.2;515;10.9;852;18
FR;2021-02-27-2021-03-05;19;14213;61.6;9531;67.1;702;4.9;1158;8.1;2822;19.9
FR;2021-02-27-2021-03-05;29;16270;58.3;10844;66.7;780;4.8;1456;8.9;3190;19.6
FR;2021-02-27-2021-03-05;39;15620;58.7;10381;66.5;877;5.6;1323;8.5;3039;19.5
FR;2021-02-27-2021-03-05;49;15545;60.2;10384;66.8;769;4.9;1204;7.7;3188;20.5
FR;2021-02-27-2021-03-05;59;14326;60.1;9286;64.8;722;5;1175;8.2;3143;21.9
FR;2021-02-27-2021-03-05;69;10574;61.2;6529;61.7;597;5.6;869;8.2;2579;24.4
FR;2021-02-27-2021-03-05;79;6418;58.5;3898;60.7;263;4.1;573;8.9;1684;26.2
FR;2021-02-27-2021-03-05;89;4016;57.6;2140;53.3;151;3.8;436;10.9;1289;32.1
FR;2021-02-27-2021-03-05;90;1682;58.9;834;49.6;69;4.1;210;12.5;569;33.8
FR;2021-02-28-2021-03-06;09;4775;64.1;3190;66.8;214;4.5;523;11;848;17.8
FR;2021-02-28-2021-03-06;19;14350;61.6;9726;67.8;691;4.8;1176;8.2;2757;19.2
FR;2021-02-28-2021-03-06;29;16331;58.1;10972;67.2;767;4.7;1478;9.1;3114;19.1
FR;2021-02-28-2021-03-06;39;15780;58.8;10628;67.4;861;5.5;1325;8.4;2966;18.8
FR;2021-02-28-2021-03-06;49;15533;59.8;10535;67.8;743;4.8;1214;7.8;3041;19.6
FR;2021-02-28-2021-03-06;59;14354;59.9;9443;65.8;716;5;1175;8.2;3020;21
FR;2021-02-28-2021-03-06;69;10537;60.9;6618;62.8;562;5.3;872;8.3;2485;23.6
FR;2021-02-28-2021-03-06;79;6449;58.6;3954;61.3;258;4;606;9.4;1631;25.3
FR;2021-02-28-2021-03-06;89;4005;57.6;2159;53.9;165;4.1;439;11;1242;31
FR;2021-02-28-2021-03-06;90;1672;58.9;842;50.4;68;4.1;207;12.4;555;33.2
FR;2021-03-01-2021-03-07;09;4805;64.1;3228;67.2;213;4.4;517;10.8;847;17.6
FR;2021-03-01-2021-03-07;19;14361;61.5;9767;68;693;4.8;1155;8;2746;19.1
FR;2021-03-01-2021-03-07;29;16298;58;10982;67.4;770;4.7;1460;9;3086;18.9
FR;2021-03-01-2021-03-07;39;15752;58.6;10637;67.5;859;5.5;1314;8.3;2942;18.7
FR;2021-03-01-2021-03-07;49;15528;59.8;10566;68;732;4.7;1206;7.8;3024;19.5
FR;2021-03-01-2021-03-07;59;14347;59.9;9436;65.8;711;5;1188;8.3;3012;21
FR;2021-03-01-2021-03-07;69;10499;60.9;6610;63;559;5.3;878;8.4;2452;23.4
FR;2021-03-01-2021-03-07;79;6440;58.9;3969;61.6;251;3.9;608;9.4;1612;25
FR;2021-03-01-2021-03-07;89;3986;57.7;2159;54.2;166;4.2;436;10.9;1225;30.7
FR;2021-03-01-2021-03-07;90;1654;58.9;841;50.8;65;3.9;204;12.3;544;32.9
FR;2021-03-02-2021-03-08;09;5003;64.6;3408;68.1;239;4.8;547;10.9;809;16.2
FR;2021-03-02-2021-03-08;19;14649;61.4;10164;69.4;664;4.5;1263;8.6;2558;17.5
FR;2021-03-02-2021-03-08;29;16590;58.1;11350;68.4;800;4.8;1551;9.3;2889;17.4
FR;2021-03-02-2021-03-08;39;15902;58.6;10987;69.1;800;5;1349;8.5;2766;17.4
FR;2021-03-02-2021-03-08;49;15799;59.9;11004;69.6;717;4.5;1306;8.3;2772;17.5
FR;2021-03-02-2021-03-08;59;14465;60;9719;67.2;669;4.6;1271;8.8;2806;19.4
FR;2021-03-02-2021-03-08;69;10408;61;6743;64.8;527;5.1;909;8.7;2229;21.4
FR;2021-03-02-2021-03-08;79;6447;59.4;4102;63.6;263;4.1;596;9.2;1486;23
FR;2021-03-02-2021-03-08;89;3923;58.8;2145;54.7;178;4.5;434;11.1;1166;29.7
FR;2021-03-02-2021-03-08;90;1610;59.5;840;52.2;68;4.2;196;12.2;506;31.4
FR;2021-03-03-2021-03-09;09;5214;64.8;3570;68.5;256;4.9;565;10.8;823;15.8
FR;2021-03-03-2021-03-09;19;15084;61.4;10574;70.1;673;4.5;1320;8.8;2517;16.7
FR;2021-03-03-2021-03-09;29;16705;58.1;11585;69.4;825;4.9;1573;9.4;2722;16.3
FR;2021-03-03-2021-03-09;39;16006;58.6;11165;69.8;776;4.8;1388;8.7;2677;16.7
FR;2021-03-03-2021-03-09;49;16040;59.9;11320;70.6;725;4.5;1343;8.4;2652;16.5
FR;2021-03-03-2021-03-09;59;14559;60;9954;68.4;704;4.8;1276;8.8;2625;18
FR;2021-03-03-2021-03-09;69;10581;61.7;6940;65.6;530;5;942;8.9;2169;20.5
FR;2021-03-03-2021-03-09;79;6406;60.2;4118;64.3;286;4.5;588;9.2;1414;22.1
FR;2021-03-03-2021-03-09;89;3929;60.3;2214;56.4;176;4.5;431;11;1108;28.2
FR;2021-03-03-2021-03-09;90;1540;60.5;817;53.1;64;4.2;199;12.9;460;29.9
FR;2021-03-04-2021-03-10;09;5489;65.5;3781;68.9;280;5.1;593;10.8;835;15.2
FR;2021-03-04-2021-03-10;19;15418;61.3;10951;71;716;4.6;1346;8.7;2405;15.6
FR;2021-03-04-2021-03-10;29;17024;57.9;11954;70.2;863;5.1;1612;9.5;2595;15.2
FR;2021-03-04-2021-03-10;39;16261;58.4;11494;70.7;817;5;1397;8.6;2553;15.7
FR;2021-03-04-2021-03-10;49;16436;60.1;11703;71.2;780;4.7;1365;8.3;2588;15.7
FR;2021-03-04-2021-03-10;59;14822;60.3;10278;69.3;744;5;1340;9;2460;16.6
FR;2021-03-04-2021-03-10;69;10698;61.9;7131;66.7;539;5;956;8.9;2072;19.4
FR;2021-03-04-2021-03-10;79;6449;60.7;4214;65.3;286;4.4;607;9.4;1342;20.8
FR;2021-03-04-2021-03-10;89;4021;61.8;2335;58.1;187;4.7;436;10.8;1063;26.4
FR;2021-03-04-2021-03-10;90;1553;62;864;55.6;63;4.1;195;12.6;431;27.8
FR;2021-03-05-2021-03-11;09;5783;65.8;4019;69.5;297;5.1;662;11.4;805;13.9
FR;2021-03-05-2021-03-11;19;15932;61.2;11525;72.3;750;4.7;1381;8.7;2276;14.3
FR;2021-03-05-2021-03-11;29;17534;57.9;12508;71.3;915;5.2;1657;9.5;2454;14
FR;2021-03-05-2021-03-11;39;16793;58.7;12037;71.7;826;4.9;1458;8.7;2472;14.7
FR;2021-03-05-2021-03-11;49;16884;60.2;12194;72.2;816;4.8;1400;8.3;2474;14.7
FR;2021-03-05-2021-03-11;59;15258;60.8;10729;70.3;765;5;1389;9.1;2375;15.6
FR;2021-03-05-2021-03-11;69;10889;61.9;7386;67.8;575;5.3;966;8.9;1962;18
FR;2021-03-05-2021-03-11;79;6591;61.1;4336;65.8;327;5;650;9.9;1278;19.4
FR;2021-03-05-2021-03-11;89;4061;62.6;2403;59.2;188;4.6;464;11.4;1006;24.8
FR;2021-03-05-2021-03-11;90;1539;62.2;887;57.6;65;4.2;189;12.3;398;25.9
FR;2021-03-06-2021-03-12;09;6146;66.2;4366;71;320;5.2;685;11.1;775;12.6
FR;2021-03-06-2021-03-12;19;16567;60.9;12184;73.5;764;4.6;1393;8.4;2226;13.4
FR;2021-03-06-2021-03-12;29;18131;57.9;13098;72.2;973;5.4;1696;9.4;2364;13
FR;2021-03-06-2021-03-12;39;17358;58.6;12575;72.4;850;4.9;1547;8.9;2386;13.7
FR;2021-03-06-2021-03-12;49;17513;60.5;12847;73.4;838;4.8;1448;8.3;2380;13.6
FR;2021-03-06-2021-03-12;59;15599;60.8;11136;71.4;784;5;1426;9.1;2253;14.4
FR;2021-03-06-2021-03-12;69;11119;61.9;7714;69.4;561;5;971;8.7;1873;16.8
FR;2021-03-06-2021-03-12;79;6650;61.7;4448;66.9;330;5;645;9.7;1227;18.5
FR;2021-03-06-2021-03-12;89;4125;63.1;2473;60;203;4.9;478;11.6;971;23.5
FR;2021-03-06-2021-03-12;90;1556;62.6;911;58.5;75;4.8;194;12.5;376;24.2
FR;2021-03-07-2021-03-13;09;6393;66.4;4588;71.8;318;5;734;11.5;753;11.8
FR;2021-03-07-2021-03-13;19;16923;60.7;12487;73.8;788;4.7;1432;8.5;2216;13.1
FR;2021-03-07-2021-03-13;29;18392;57.6;13351;72.6;995;5.4;1719;9.3;2327;12.7
FR;2021-03-07-2021-03-13;39;17709;58.2;12869;72.7;885;5;1587;9;2368;13.4
FR;2021-03-07-2021-03-13;49;17842;60.4;13146;73.7;854;4.8;1496;8.4;2346;13.1
FR;2021-03-07-2021-03-13;59;15915;60.4;11407;71.7;812;5.1;1450;9.1;2246;14.1
FR;2021-03-07-2021-03-13;69;11272;61.7;7878;69.9;569;5;988;8.8;1837;16.3
FR;2021-03-07-2021-03-13;79;6730;61.5;4555;67.7;332;4.9;632;9.4;1211;18
FR;2021-03-07-2021-03-13;89;4161;63.4;2527;60.7;198;4.8;480;11.5;956;23
FR;2021-03-07-2021-03-13;90;1565;62.2;931;59.5;73;4.7;197;12.6;364;23.3
FR;2021-03-08-2021-03-14;09;6441;66.4;4620;71.7;320;5;751;11.7;750;11.6
FR;2021-03-08-2021-03-14;19;17017;60.7;12559;73.8;786;4.6;1460;8.6;2212;13
FR;2021-03-08-2021-03-14;29;18526;57.5;13466;72.7;996;5.4;1740;9.4;2324;12.5
FR;2021-03-08-2021-03-14;39;17889;58.3;13017;72.8;879;4.9;1612;9;2381;13.3
FR;2021-03-08-2021-03-14;49;18001;60.3;13291;73.8;857;4.8;1516;8.4;2337;13
FR;2021-03-08-2021-03-14;59;16035;60.5;11512;71.8;833;5.2;1459;9.1;2231;13.9
FR;2021-03-08-2021-03-14;69;11335;61.7;7944;70.1;565;5;993;8.8;1833;16.2
FR;2021-03-08-2021-03-14;79;6806;61.5;4608;67.7;343;5;640;9.4;1215;17.9
FR;2021-03-08-2021-03-14;89;4159;63.2;2544;61.2;197;4.7;484;11.6;934;22.5
FR;2021-03-08-2021-03-14;90;1566;62;934;59.6;74;4.7;199;12.7;359;22.9
FR;2021-03-09-2021-03-15;09;6960;66;5017;72.1;323;4.6;843;12.1;777;11.2
FR;2021-03-09-2021-03-15;19;17924;60.6;13419;74.9;852;4.8;1506;8.4;2147;12
FR;2021-03-09-2021-03-15;29;19290;56.9;14214;73.7;1038;5.4;1767;9.2;2271;11.8
FR;2021-03-09-2021-03-15;39;18901;57.7;14035;74.3;935;4.9;1635;8.7;2296;12.1
FR;2021-03-09-2021-03-15;49;18830;59.9;14128;75;895;4.8;1547;8.2;2260;12
FR;2021-03-09-2021-03-15;59;16804;59.9;12327;73.4;869;5.2;1464;8.7;2144;12.8
FR;2021-03-09-2021-03-15;69;11922;61.4;8564;71.8;600;5;1008;8.5;1750;14.7
FR;2021-03-09-2021-03-15;79;7039;61.4;4859;69;341;4.8;692;9.8;1147;16.3
FR;2021-03-09-2021-03-15;89;4340;63.2;2733;63;205;4.7;497;11.5;905;20.9
FR;2021-03-09-2021-03-15;90;1651;62.4;991;60;76;4.6;216;13.1;368;22.3
FR;2021-03-10-2021-03-16;09;7394;65.2;5395;73;321;4.3;905;12.2;773;10.5
FR;2021-03-10-2021-03-16;19;18765;60.4;14149;75.4;895;4.8;1601;8.5;2120;11.3
FR;2021-03-10-2021-03-16;29;20104;56.6;14988;74.6;1080;5.4;1796;8.9;2240;11.1
FR;2021-03-10-2021-03-16;39;19700;57.4;14807;75.2;970;4.9;1656;8.4;2267;11.5
FR;2021-03-10-2021-03-16;49;19602;59.7;14828;75.6;942;4.8;1629;8.3;2203;11.2
FR;2021-03-10-2021-03-16;59;17403;60;12923;74.3;886;5.1;1496;8.6;2098;12.1
FR;2021-03-10-2021-03-16;69;12220;61;8867;72.6;653;5.3;1031;8.4;1669;13.7
FR;2021-03-10-2021-03-16;79;7139;61;5017;70.3;346;4.8;705;9.9;1071;15
FR;2021-03-10-2021-03-16;89;4326;62.7;2791;64.5;204;4.7;493;11.4;838;19.4
FR;2021-03-10-2021-03-16;90;1671;61.9;1020;61;78;4.7;218;13;355;21.2
FR;2021-03-11-2021-03-17;09;7702;64.5;5693;73.9;327;4.2;945;12.3;737;9.6
FR;2021-03-11-2021-03-17;19;19618;60.3;14850;75.7;898;4.6;1743;8.9;2127;10.8
FR;2021-03-11-2021-03-17;29;20870;56.7;15709;75.3;1107;5.3;1908;9.1;2146;10.3
FR;2021-03-11-2021-03-17;39;20494;57.5;15557;75.9;966;4.7;1742;8.5;2229;10.9
FR;2021-03-11-2021-03-17;49;20362;59.8;15537;76.3;957;4.7;1716;8.4;2152;10.6
FR;2021-03-11-2021-03-17;59;17989;60;13468;74.9;907;5;1524;8.5;2090;11.6
FR;2021-03-11-2021-03-17;69;12619;61.5;9247;73.3;674;5.3;1067;8.5;1631;12.9
FR;2021-03-11-2021-03-17;79;7257;61.4;5146;70.9;360;5;700;9.6;1051;14.5
FR;2021-03-11-2021-03-17;89;4376;62.6;2879;65.8;201;4.6;501;11.4;795;18.2
FR;2021-03-11-2021-03-17;90;1700;62;1061;62.4;73;4.3;228;13.4;338;19.9
FR;2021-03-12-2021-03-18;09;8133;63.7;6063;74.5;328;4;980;12;762;9.4
FR;2021-03-12-2021-03-18;19;20297;59.7;15487;76.3;903;4.4;1811;8.9;2096;10.3
FR;2021-03-12-2021-03-18;29;21241;56.3;16075;75.7;1090;5.1;1957;9.2;2119;10
FR;2021-03-12-2021-03-18;39;21054;57.1;16087;76.4;985;4.7;1828;8.7;2154;10.2
FR;2021-03-12-2021-03-18;49;20754;59.2;15950;76.9;943;4.5;1786;8.6;2075;10
FR;2021-03-12-2021-03-18;59;18401;59.6;13893;75.5;942;5.1;1544;8.4;2022;11
FR;2021-03-12-2021-03-18;69;13123;61.8;9709;74;697;5.3;1122;8.5;1595;12.2
FR;2021-03-12-2021-03-18;79;7347;61.1;5268;71.7;342;4.7;698;9.5;1039;14.1
FR;2021-03-12-2021-03-18;89;4421;62.5;2987;67.6;195;4.4;465;10.5;774;17.5
FR;2021-03-12-2021-03-18;90;1750;62.2;1128;64.5;71;4.1;231;13.2;320;18.3
FR;2021-03-13-2021-03-19;09;8576;63;6380;74.4;325;3.8;1095;12.8;776;9
FR;2021-03-13-2021-03-19;19;21010;59.3;16097;76.6;912;4.3;1916;9.1;2085;9.9
FR;2021-03-13-2021-03-19;29;21597;56;16400;75.9;1104;5.1;2040;9.4;2053;9.5
FR;2021-03-13-2021-03-19;39;21664;56.7;16668;76.9;979;4.5;1883;8.7;2134;9.9
FR;2021-03-13-2021-03-19;49;21260;58.7;16390;77.1;958;4.5;1894;8.9;2018;9.5
FR;2021-03-13-2021-03-19;59;18805;59.4;14312;76.1;946;5;1579;8.4;1968;10.5
FR;2021-03-13-2021-03-19;69;13395;61.6;10002;74.7;736;5.5;1163;8.7;1494;11.2
FR;2021-03-13-2021-03-19;79;7463;61;5400;72.4;334;4.5;719;9.6;1010;13.5
FR;2021-03-13-2021-03-19;89;4447;62.3;3061;68.8;192;4.3;471;10.6;723;16.3
FR;2021-03-13-2021-03-19;90;1775;61.7;1177;66.3;62;3.5;229;12.9;307;17.3
FR;2021-03-14-2021-03-20;09;8726;62.4;6520;74.7;335;3.8;1081;12.4;790;9.1
FR;2021-03-14-2021-03-20;19;21357;58.7;16407;76.8;920;4.3;1934;9.1;2096;9.8
FR;2021-03-14-2021-03-20;29;21642;55.5;16512;76.3;1090;5;2030;9.4;2010;9.3
FR;2021-03-14-2021-03-20;39;21873;56.4;16923;77.4;970;4.4;1895;8.7;2085;9.5
FR;2021-03-14-2021-03-20;49;21566;58.3;16685;77.4;971;4.5;1932;9;1978;9.2
FR;2021-03-14-2021-03-20;59;18856;58.8;14404;76.4;930;4.9;1597;8.5;1925;10.2
FR;2021-03-14-2021-03-20;69;13571;61.4;10167;74.9;746;5.5;1170;8.6;1488;11
FR;2021-03-14-2021-03-20;79;7487;60.8;5427;72.5;336;4.5;743;9.9;981;13.1
FR;2021-03-14-2021-03-20;89;4450;62.4;3068;68.9;192;4.3;470;10.6;720;16.2
FR;2021-03-14-2021-03-20;90;1780;61.5;1183;66.5;64;3.6;223;12.5;310;17.4
FR;2021-03-15-2021-03-21;09;8751;62.3;6531;74.6;339;3.9;1091;12.5;790;9
FR;2021-03-15-2021-03-21;19;21386;58.5;16431;76.8;919;4.3;1954;9.1;2082;9.7
FR;2021-03-15-2021-03-21;29;21628;55.4;16493;76.3;1091;5;2040;9.4;2004;9.3
FR;2021-03-15-2021-03-21;39;21906;56.2;16943;77.3;979;4.5;1916;8.7;2068;9.4
FR;2021-03-15-2021-03-21;49;21575;58.2;16700;77.4;967;4.5;1939;9;1969;9.1
FR;2021-03-15-2021-03-21;59;18862;58.7;14415;76.4;917;4.9;1601;8.5;1929;10.2
FR;2021-03-15-2021-03-21;69;13595;61.3;10187;74.9;744;5.5;1184;8.7;1480;10.9
FR;2021-03-15-2021-03-21;79;7500;60.7;5431;72.4;333;4.4;753;10;983;13.1
FR;2021-03-15-2021-03-21;89;4473;62.6;3088;69;187;4.2;475;10.6;723;16.2
FR;2021-03-15-2021-03-21;90;1787;61.5;1184;66.3;62;3.5;223;12.5;318;17.8
FR;2021-03-16-2021-03-22;09;9145;61.2;6852;74.9;356;3.9;1181;12.9;756;8.3
FR;2021-03-16-2021-03-22;19;22258;57.7;17176;77.2;901;4;2130;9.6;2051;9.2
FR;2021-03-16-2021-03-22;29;21834;54.7;16793;76.9;1079;4.9;2103;9.6;1859;8.5
FR;2021-03-16-2021-03-22;39;22379;55.4;17302;77.3;1023;4.6;2068;9.2;1986;8.9
FR;2021-03-16-2021-03-22;49;22239;57.2;17314;77.9;1012;4.6;2057;9.2;1856;8.3
FR;2021-03-16-2021-03-22;59;19238;58;14832;77.1;922;4.8;1660;8.6;1824;9.5
FR;2021-03-16-2021-03-22;69;13825;60.7;10425;75.4;750;5.4;1256;9.1;1394;10.1
FR;2021-03-16-2021-03-22;79;7551;59.8;5541;73.4;341;4.5;729;9.7;940;12.4
FR;2021-03-16-2021-03-22;89;4461;62.3;3180;71.3;174;3.9;478;10.7;629;14.1
FR;2021-03-16-2021-03-22;90;1800;61.2;1237;68.7;59;3.3;230;12.8;274;15.2
FR;2021-03-17-2021-03-23;09;9605;61.6;7204;75;364;3.8;1288;13.4;749;7.8
FR;2021-03-17-2021-03-23;19;23306;57.6;18156;77.9;949;4.1;2209;9.5;1992;8.5
FR;2021-03-17-2021-03-23;29;22238;54.7;17151;77.1;1062;4.8;2213;10;1812;8.1
FR;2021-03-17-2021-03-23;39;23157;55.4;18004;77.7;1026;4.4;2192;9.5;1935;8.4
FR;2021-03-17-2021-03-23;49;23084;57.2;18132;78.5;1021;4.4;2121;9.2;1810;7.8
FR;2021-03-17-2021-03-23;59;19844;57.9;15383;77.5;916;4.6;1742;8.8;1803;9.1
FR;2021-03-17-2021-03-23;69;14187;60.7;10804;76.2;746;5.3;1273;9;1364;9.6
FR;2021-03-17-2021-03-23;79;7807;60.3;5764;73.8;359;4.6;752;9.6;932;11.9
FR;2021-03-17-2021-03-23;89;4497;62.1;3227;71.8;181;4;495;11;594;13.2
FR;2021-03-17-2021-03-23;90;1846;61.7;1278;69.2;70;3.8;243;13.2;255;13.8
FR;2021-03-18-2021-03-24;09;9975;61.5;7548;75.7;368;3.7;1314;13.2;745;7.5
FR;2021-03-18-2021-03-24;19;24162;57.1;19031;78.8;958;4;2225;9.2;1948;8.1
FR;2021-03-18-2021-03-24;29;22458;54;17445;77.7;1053;4.7;2129;9.5;1831;8.2
FR;2021-03-18-2021-03-24;39;23782;55.1;18648;78.4;1057;4.4;2191;9.2;1886;7.9
FR;2021-03-18-2021-03-24;49;23620;56.8;18744;79.4;1028;4.4;2105;8.9;1743;7.4
FR;2021-03-18-2021-03-24;59;20377;57.7;15918;78.1;936;4.6;1768;8.7;1755;8.6
FR;2021-03-18-2021-03-24;69;14439;60.5;11142;77.2;739;5.1;1258;8.7;1300;9
FR;2021-03-18-2021-03-24;79;8040;60.4;6003;74.7;348;4.3;781;9.7;908;11.3
FR;2021-03-18-2021-03-24;89;4595;62.2;3340;72.7;186;4;505;11;564;12.3
FR;2021-03-18-2021-03-24;90;1871;62;1300;69.5;82;4.4;248;13.3;241;12.9
FR;2021-03-19-2021-03-25;09;10160;60.5;7730;76.1;372;3.7;1358;13.4;700;6.9
FR;2021-03-19-2021-03-25;19;24748;56;19543;79;971;3.9;2317;9.4;1917;7.7
FR;2021-03-19-2021-03-25;29;22632;52.9;17676;78.1;1086;4.8;2133;9.4;1737;7.7
FR;2021-03-19-2021-03-25;39;24041;54;18952;78.8;1048;4.4;2238;9.3;1803;7.5
FR;2021-03-19-2021-03-25;49;23991;55.7;19141;79.8;1044;4.4;2108;8.8;1698;7.1
FR;2021-03-19-2021-03-25;59;20536;56.3;16164;78.7;923;4.5;1770;8.6;1679;8.2
FR;2021-03-19-2021-03-25;69;14360;58.8;11147;77.6;714;5;1263;8.8;1236;8.6
FR;2021-03-19-2021-03-25;79;8020;59.4;6033;75.2;343;4.3;782;9.8;862;10.7
FR;2021-03-19-2021-03-25;89;4581;61;3361;73.4;185;4;517;11.3;518;11.3
FR;2021-03-19-2021-03-25;90;1865;61.2;1266;67.9;90;4.8;264;14.2;245;13.1
FR;2021-03-20-2021-03-26;09;10522;60.7;8073;76.7;394;3.7;1360;12.9;695;6.6
FR;2021-03-20-2021-03-26;19;25974;55.9;20716;79.8;1026;4;2364;9.1;1868;7.2
FR;2021-03-20-2021-03-26;29;23090;52.7;18235;79;1057;4.6;2106;9.1;1692;7.3
FR;2021-03-20-2021-03-26;39;24685;53.9;19632;79.5;1083;4.4;2237;9.1;1733;7
FR;2021-03-20-2021-03-26;49;24776;55.7;19887;80.3;1079;4.4;2108;8.5;1702;6.9
FR;2021-03-20-2021-03-26;59;21066;56.3;16708;79.3;961;4.6;1777;8.4;1620;7.7
FR;2021-03-20-2021-03-26;69;14689;58.6;11474;78.1;719;4.9;1247;8.5;1249;8.5
FR;2021-03-20-2021-03-26;79;8163;59.4;6243;76.5;353;4.3;755;9.2;812;9.9
FR;2021-03-20-2021-03-26;89;4638;60.9;3459;74.6;181;3.9;511;11;487;10.5
FR;2021-03-20-2021-03-26;90;1896;61.4;1309;69;88;4.6;254;13.4;245;12.9
FR;2021-03-21-2021-03-27;09;10700;60.7;8198;76.6;408;3.8;1400;13.1;694;6.5
FR;2021-03-21-2021-03-27;19;26366;55.5;21153;80.2;1038;3.9;2369;9;1806;6.8
FR;2021-03-21-2021-03-27;29;23477;52.5;18637;79.4;1056;4.5;2106;9;1678;7.1
FR;2021-03-21-2021-03-27;39;24984;53.5;19896;79.6;1103;4.4;2248;9;1737;7
FR;2021-03-21-2021-03-27;49;25085;55.4;20218;80.6;1087;4.3;2094;8.3;1686;6.7
FR;2021-03-21-2021-03-27;59;21423;56.4;17081;79.7;964;4.5;1784;8.3;1594;7.4
FR;2021-03-21-2021-03-27;69;14845;58.5;11648;78.5;737;5;1258;8.5;1202;8.1
FR;2021-03-21-2021-03-27;79;8256;59.4;6372;77.2;353;4.3;738;8.9;793;9.6
FR;2021-03-21-2021-03-27;89;4696;60.8;3529;75.1;185;3.9;511;10.9;471;10
FR;2021-03-21-2021-03-27;90;1933;62.1;1343;69.5;89;4.6;264;13.7;237;12.3
FR;2021-03-22-2021-03-28;09;10716;60.5;8222;76.7;402;3.8;1396;13;696;6.5
FR;2021-03-22-2021-03-28;19;26442;55.6;21228;80.3;1043;3.9;2366;8.9;1805;6.8
FR;2021-03-22-2021-03-28;29;23516;52.6;18700;79.5;1047;4.5;2095;8.9;1674;7.1
FR;2021-03-22-2021-03-28;39;24996;53.6;19938;79.8;1110;4.4;2221;8.9;1727;6.9
FR;2021-03-22-2021-03-28;49;25161;55.4;20286;80.6;1098;4.4;2085;8.3;1692;6.7
FR;2021-03-22-2021-03-28;59;21404;56.3;17082;79.8;960;4.5;1781;8.3;1581;7.4
FR;2021-03-22-2021-03-28;69;14865;58.5;11688;78.6;740;5;1242;8.4;1195;8
FR;2021-03-22-2021-03-28;79;8255;59.3;6394;77.5;350;4.2;732;8.9;779;9.4
FR;2021-03-22-2021-03-28;89;4729;60.9;3564;75.4;187;4;519;11;459;9.7
FR;2021-03-22-2021-03-28;90;1928;62.2;1350;70;91;4.7;265;13.7;222;11.5
FR;2021-03-23-2021-03-29;09;10964;60.4;8498;77.5;412;3.8;1365;12.4;689;6.3
FR;2021-03-23-2021-03-29;19;27494;55.5;22328;81.2;1044;3.8;2351;8.6;1771;6.4
FR;2021-03-23-2021-03-29;29;24111;52.6;19407;80.5;1042;4.3;2055;8.5;1607;6.7
FR;2021-03-23-2021-03-29;39;25625;53.8;20646;80.6;1099;4.3;2190;8.5;1690;6.6
FR;2021-03-23-2021-03-29;49;25873;55.5;21131;81.7;1072;4.1;2004;7.7;1666;6.4
FR;2021-03-23-2021-03-29;59;22051;56.6;17790;80.7;986;4.5;1729;7.8;1546;7
FR;2021-03-23-2021-03-29;69;15176;58.5;12054;79.4;751;4.9;1219;8;1152;7.6
FR;2021-03-23-2021-03-29;79;8456;59.6;6587;77.9;355;4.2;751;8.9;763;9
FR;2021-03-23-2021-03-29;89;4888;61.6;3705;75.8;204;4.2;526;10.8;453;9.3
FR;2021-03-23-2021-03-29;90;1984;62.4;1402;70.7;102;5.1;251;12.7;229;11.5
FR;2021-03-24-2021-03-30;09;11085;59.2;8570;77.3;414;3.7;1382;12.5;719;6.5
FR;2021-03-24-2021-03-30;19;27863;54.4;22692;81.4;1053;3.8;2369;8.5;1749;6.3
FR;2021-03-24-2021-03-30;29;24175;51.3;19544;80.8;1071;4.4;2010;8.3;1550;6.4
FR;2021-03-24-2021-03-30;39;25654;52.9;20770;81;1105;4.3;2136;8.3;1643;6.4
FR;2021-03-24-2021-03-30;49;25904;54.4;21256;82.1;1078;4.2;1938;7.5;1632;6.3
FR;2021-03-24-2021-03-30;59;22102;55.6;17954;81.2;981;4.4;1682;7.6;1485;6.7
FR;2021-03-24-2021-03-30;69;15086;57.2;12110;80.3;715;4.7;1189;7.9;1072;7.1
FR;2021-03-24-2021-03-30;79;8460;58.8;6661;78.7;345;4.1;732;8.7;722;8.5
FR;2021-03-24-2021-03-30;89;4970;61.7;3819;76.8;200;4;502;10.1;449;9
FR;2021-03-24-2021-03-30;90;1963;61.8;1419;72.3;99;5;237;12.1;208;10.6
FR;2021-03-25-2021-03-31;09;11053;58.6;8502;76.9;420;3.8;1414;12.8;717;6.5
FR;2021-03-25-2021-03-31;19;28062;53.6;22897;81.6;1059;3.8;2401;8.6;1705;6.1
FR;2021-03-25-2021-03-31;29;24115;50.6;19528;81;1079;4.5;2023;8.4;1485;6.2
FR;2021-03-25-2021-03-31;39;25301;51.8;20531;81.1;1078;4.3;2126;8.4;1566;6.2
FR;2021-03-25-2021-03-31;49;25900;53.4;21270;82.1;1060;4.1;1966;7.6;1604;6.2
FR;2021-03-25-2021-03-31;59;22031;54.7;17998;81.7;951;4.3;1667;7.6;1415;6.4
FR;2021-03-25-2021-03-31;69;14883;56.3;12018;80.7;690;4.6;1154;7.8;1021;6.9
FR;2021-03-25-2021-03-31;79;8371;58;6647;79.4;339;4;714;8.5;671;8
FR;2021-03-25-2021-03-31;89;4894;61.2;3779;77.2;207;4.2;483;9.9;425;8.7
FR;2021-03-25-2021-03-31;90;1944;61.1;1419;73;92;4.7;227;11.7;206;10.6
FR;2021-03-26-2021-04-01;09;10886;58.4;8337;76.6;414;3.8;1422;13.1;713;6.5
FR;2021-03-26-2021-04-01;19;28160;53.8;23043;81.8;1067;3.8;2405;8.5;1645;5.8
FR;2021-03-26-2021-04-01;29;24361;50.4;19771;81.2;1037;4.3;2062;8.5;1491;6.1
FR;2021-03-26-2021-04-01;39;25458;51.7;20781;81.6;1087;4.3;2053;8.1;1537;6
FR;2021-03-26-2021-04-01;49;26117;53.4;21585;82.6;1055;4;1916;7.3;1561;6
FR;2021-03-26-2021-04-01;59;22330;54.9;18325;82.1;946;4.2;1671;7.5;1388;6.2
FR;2021-03-26-2021-04-01;69;14870;56.4;12114;81.5;678;4.6;1117;7.5;961;6.5
FR;2021-03-26-2021-04-01;79;8550;58.3;6832;79.9;349;4.1;710;8.3;659;7.7
FR;2021-03-26-2021-04-01;89;4985;61.7;3856;77.4;209;4.2;476;9.5;444;8.9
FR;2021-03-26-2021-04-01;90;2013;61.6;1497;74.4;84;4.2;227;11.3;205;10.2
FR;2021-03-27-2021-04-02;09;10290;57.2;7873;76.5;378;3.7;1396;13.6;643;6.2
FR;2021-03-27-2021-04-02;19;27090;53;22265;82.2;976;3.6;2311;8.5;1538;5.7
FR;2021-03-27-2021-04-02;29;24314;49.7;19712;81.1;1040;4.3;2085;8.6;1477;6.1
FR;2021-03-27-2021-04-02;39;24932;50.8;20394;81.8;1068;4.3;2021;8.1;1449;5.8
FR;2021-03-27-2021-04-02;49;25780;52.5;21434;83.1;1010;3.9;1867;7.2;1469;5.7
FR;2021-03-27-2021-04-02;59;22080;54.2;18212;82.5;917;4.2;1647;7.5;1304;5.9
FR;2021-03-27-2021-04-02;69;14603;55.8;11974;82;639;4.4;1114;7.6;876;6
FR;2021-03-27-2021-04-02;79;8515;58;6803;79.9;343;4;727;8.5;642;7.5
FR;2021-03-27-2021-04-02;89;5053;62;3934;77.9;215;4.3;483;9.6;421;8.3
FR;2021-03-27-2021-04-02;90;2012;61.8;1499;74.5;85;4.2;239;11.9;189;9.4
FR;2021-03-28-2021-04-03;09;10025;57;7651;76.3;368;3.7;1386;13.8;620;6.2
FR;2021-03-28-2021-04-03;19;26848;53;22060;82.2;956;3.6;2341;8.7;1491;5.6
FR;2021-03-28-2021-04-03;29;24361;49.6;19750;81.1;1049;4.3;2112;8.7;1450;6
FR;2021-03-28-2021-04-03;39;24769;50.6;20297;81.9;1042;4.2;2024;8.2;1406;5.7
FR;2021-03-28-2021-04-03;49;25714;52.3;21406;83.2;1009;3.9;1884;7.3;1415;5.5
FR;2021-03-28-2021-04-03;59;22087;53.9;18223;82.5;902;4.1;1669;7.6;1293;5.9
FR;2021-03-28-2021-04-03;69;14444;55.1;11844;82;618;4.3;1109;7.7;873;6
FR;2021-03-28-2021-04-03;79;8469;57.7;6762;79.8;346;4.1;729;8.6;632;7.5
FR;2021-03-28-2021-04-03;89;5032;61.6;3923;78;212;4.2;482;9.6;415;8.2
FR;2021-03-28-2021-04-03;90;1991;61.1;1484;74.5;94;4.7;233;11.7;180;9
FR;2021-03-29-2021-04-04;09;9980;57.1;7621;76.4;368;3.7;1378;13.8;613;6.1
FR;2021-03-29-2021-04-04;19;26681;52.9;21923;82.2;950;3.6;2320;8.7;1488;5.6
FR;2021-03-29-2021-04-04;29;24378;49.5;19746;81;1077;4.4;2104;8.6;1451;6
FR;2021-03-29-2021-04-04;39;24698;50.4;20239;81.9;1054;4.3;2010;8.1;1395;5.6
FR;2021-03-29-2021-04-04;49;25574;52.1;21288;83.2;1003;3.9;1871;7.3;1412;5.5
FR;2021-03-29-2021-04-04;59;22080;53.8;18234;82.6;903;4.1;1654;7.5;1289;5.8
FR;2021-03-29-2021-04-04;69;14411;54.9;11802;81.9;619;4.3;1112;7.7;878;6.1
FR;2021-03-29-2021-04-04;79;8454;57.6;6751;79.9;356;4.2;721;8.5;626;7.4
FR;2021-03-29-2021-04-04;89;5004;61.4;3894;77.8;225;4.5;471;9.4;414;8.3
FR;2021-03-29-2021-04-04;90;1984;60.9;1481;74.6;92;4.6;230;11.6;181;9.1
FR;2021-03-30-2021-04-05;09;7890;56.3;5987;75.9;286;3.6;1141;14.5;476;6
FR;2021-03-30-2021-04-05;19;21129;51.7;17334;82;786;3.7;1856;8.8;1153;5.5
FR;2021-03-30-2021-04-05;29;19881;48.3;16050;80.7;871;4.4;1777;8.9;1183;6
FR;2021-03-30-2021-04-05;39;19721;48.9;16157;81.9;836;4.2;1638;8.3;1090;5.5
FR;2021-03-30-2021-04-05;49;20318;50.6;16886;83.1;798;3.9;1529;7.5;1105;5.4
FR;2021-03-30-2021-04-05;59;17521;52.4;14454;82.5;701;4;1365;7.8;1001;5.7
FR;2021-03-30-2021-04-05;69;11355;53.4;9335;82.2;469;4.1;864;7.6;687;6.1
FR;2021-03-30-2021-04-05;79;6834;56.3;5482;80.2;277;4.1;597;8.7;478;7
FR;2021-03-30-2021-04-05;89;4138;59.7;3214;77.7;188;4.5;389;9.4;347;8.4
FR;2021-03-30-2021-04-05;90;1636;59.5;1219;74.5;72;4.4;201;12.3;144;8.8
FR;2021-03-31-2021-04-06;09;7423;55.4;5696;76.7;279;3.8;1037;14;411;5.5
FR;2021-03-31-2021-04-06;19;20684;51.2;17077;82.6;712;3.4;1808;8.7;1087;5.3
FR;2021-03-31-2021-04-06;29;21010;47.7;17055;81.2;879;4.2;1847;8.8;1229;5.8
FR;2021-03-31-2021-04-06;39;20638;48;17014;82.4;864;4.2;1694;8.2;1066;5.2
FR;2021-03-31-2021-04-06;49;21622;49.9;18068;83.6;837;3.9;1595;7.4;1122;5.2
FR;2021-03-31-2021-04-06;59;18917;51.7;15649;82.7;792;4.2;1454;7.7;1022;5.4
FR;2021-03-31-2021-04-06;69;12119;53;9962;82.2;509;4.2;928;7.7;720;5.9
FR;2021-03-31-2021-04-06;79;7120;55.2;5729;80.5;268;3.8;640;9;483;6.8
FR;2021-03-31-2021-04-06;89;4322;59.2;3349;77.5;186;4.3;437;10.1;350;8.1
FR;2021-03-31-2021-04-06;90;1737;59.2;1300;74.8;76;4.4;216;12.4;145;8.3
FR;2021-04-01-2021-04-07;09;6997;55.4;5375;76.8;259;3.7;1000;14.3;363;5.2
FR;2021-04-01-2021-04-07;19;19892;51.6;16450;82.7;679;3.4;1743;8.8;1020;5.1
FR;2021-04-01-2021-04-07;29;21558;48.3;17547;81.4;867;4;1929;8.9;1215;5.6
FR;2021-04-01-2021-04-07;39;21096;48.3;17465;82.8;840;4;1744;8.3;1047;5
FR;2021-04-01-2021-04-07;49;21943;50.2;18411;83.9;886;4;1579;7.2;1067;4.9
FR;2021-04-01-2021-04-07;59;19393;52.1;16118;83.1;805;4.2;1465;7.6;1005;5.2
FR;2021-04-01-2021-04-07;69;12433;53.2;10244;82.4;501;4;989;8;699;5.6
FR;2021-04-01-2021-04-07;79;7279;55.6;5878;80.8;285;3.9;647;8.9;469;6.4
FR;2021-04-01-2021-04-07;89;4383;58.8;3419;78;177;4;446;10.2;341;7.8
FR;2021-04-01-2021-04-07;90;1802;59.1;1370;76;80;4.4;216;12;136;7.5
FR;2021-04-02-2021-04-08;09;6684;56;5189;77.6;243;3.6;910;13.6;342;5.1
FR;2021-04-02-2021-04-08;19;19351;52;16074;83.1;633;3.3;1640;8.5;1004;5.2
FR;2021-04-02-2021-04-08;29;21857;48.8;17840;81.6;868;4;1922;8.8;1227;5.6
FR;2021-04-02-2021-04-08;39;21201;48.8;17620;83.1;833;3.9;1717;8.1;1031;4.9
FR;2021-04-02-2021-04-08;49;22211;50.9;18552;83.5;921;4.1;1638;7.4;1100;5
FR;2021-04-02-2021-04-08;59;19562;52.6;16256;83.1;820;4.2;1463;7.5;1023;5.2
FR;2021-04-02-2021-04-08;69;12569;53.8;10318;82.1;514;4.1;1027;8.2;710;5.6
FR;2021-04-02-2021-04-08;79;7236;55.4;5847;80.8;283;3.9;639;8.8;467;6.5
FR;2021-04-02-2021-04-08;89;4393;58.9;3458;78.7;179;4.1;451;10.3;305;6.9
FR;2021-04-02-2021-04-08;90;1794;59.4;1377;76.8;78;4.3;202;11.3;137;7.6
FR;2021-04-03-2021-04-09;09;6524;56.5;5119;78.5;227;3.5;854;13.1;324;5
FR;2021-04-03-2021-04-09;19;19093;52.4;15868;83.1;637;3.3;1628;8.5;960;5
FR;2021-04-03-2021-04-09;29;22065;49.1;18082;81.9;856;3.9;1930;8.7;1197;5.4
FR;2021-04-03-2021-04-09;39;21260;49;17739;83.4;797;3.7;1710;8;1014;4.8
FR;2021-04-03-2021-04-09;49;22270;51.2;18567;83.4;936;4.2;1671;7.5;1096;4.9
FR;2021-04-03-2021-04-09;59;19731;52.9;16404;83.1;815;4.1;1501;7.6;1011;5.1
FR;2021-04-03-2021-04-09;69;12607;53.5;10360;82.2;502;4;1038;8.2;707;5.6
FR;2021-04-03-2021-04-09;79;7300;55.2;5868;80.4;289;4;663;9.1;480;6.6
FR;2021-04-03-2021-04-09;89;4289;58.2;3370;78.6;176;4.1;428;10;315;7.3
FR;2021-04-03-2021-04-09;90;1750;58.7;1338;76.5;73;4.2;195;11.1;144;8.2
FR;2021-04-04-2021-04-10;09;6395;56.6;5072;79.3;206;3.2;817;12.8;300;4.7
FR;2021-04-04-2021-04-10;19;18849;52.3;15763;83.6;603;3.2;1564;8.3;919;4.9
FR;2021-04-04-2021-04-10;29;22104;49;18085;81.8;875;4;1937;8.8;1207;5.5
FR;2021-04-04-2021-04-10;39;21228;49;17719;83.5;810;3.8;1716;8.1;983;4.6
FR;2021-04-04-2021-04-10;49;22141;51.1;18477;83.5;927;4.2;1643;7.4;1094;4.9
FR;2021-04-04-2021-04-10;59;19683;52.8;16391;83.3;804;4.1;1506;7.7;982;5
FR;2021-04-04-2021-04-10;69;12670;53.8;10481;82.7;482;3.8;1035;8.2;672;5.3
FR;2021-04-04-2021-04-10;79;7294;55;5886;80.7;286;3.9;664;9.1;458;6.3
FR;2021-04-04-2021-04-10;89;4290;58.3;3388;79;163;3.8;439;10.2;300;7
FR;2021-04-04-2021-04-10;90;1737;58.8;1336;76.9;58;3.3;202;11.6;141;8.1
FR;2021-04-05-2021-04-11;09;6365;56.4;5055;79.4;207;3.3;803;12.6;300;4.7
FR;2021-04-05-2021-04-11;19;18898;52.5;15801;83.6;612;3.2;1560;8.3;925;4.9
FR;2021-04-05-2021-04-11;29;22100;48.9;18100;81.9;857;3.9;1939;8.8;1204;5.4
FR;2021-04-05-2021-04-11;39;21272;49.1;17737;83.4;803;3.8;1740;8.2;992;4.7
FR;2021-04-05-2021-04-11;49;22167;51.1;18496;83.4;924;4.2;1654;7.5;1093;4.9
FR;2021-04-05-2021-04-11;59;19743;53;16430;83.2;809;4.1;1520;7.7;984;5
FR;2021-04-05-2021-04-11;69;12663;53.8;10483;82.8;485;3.8;1030;8.1;665;5.3
FR;2021-04-05-2021-04-11;79;7290;55.1;5883;80.7;277;3.8;668;9.2;462;6.3
FR;2021-04-05-2021-04-11;89;4320;58.5;3421;79.2;153;3.5;445;10.3;301;7
FR;2021-04-05-2021-04-11;90;1744;58.9;1346;77.2;59;3.4;199;11.4;140;8
FR;2021-04-06-2021-04-12;09;7477;56.8;5961;79.7;234;3.1;931;12.5;351;4.7
FR;2021-04-06-2021-04-12;19;22428;53;18778;83.7;733;3.3;1835;8.2;1082;4.8
FR;2021-04-06-2021-04-12;29;26329;49.3;21632;82.2;1030;3.9;2239;8.5;1428;5.4
FR;2021-04-06-2021-04-12;39;25378;49.7;21172;83.4;977;3.8;2068;8.1;1161;4.6
FR;2021-04-06-2021-04-12;49;26545;51.8;22182;83.6;1111;4.2;1980;7.5;1272;4.8
FR;2021-04-06-2021-04-12;59;23691;53.2;19719;83.2;970;4.1;1853;7.8;1149;4.8
FR;2021-04-06-2021-04-12;69;15245;54.3;12621;82.8;576;3.8;1265;8.3;783;5.1
FR;2021-04-06-2021-04-12;79;8667;55.5;7039;81.2;337;3.9;774;8.9;517;6
FR;2021-04-06-2021-04-12;89;4950;58.8;3943;79.7;177;3.6;493;10;337;6.8
FR;2021-04-06-2021-04-12;90;1990;59.9;1541;77.4;68;3.4;230;11.6;151;7.6
FR;2021-04-07-2021-04-13;09;6992;58.1;5565;79.6;225;3.2;887;12.7;315;4.5
FR;2021-04-07-2021-04-13;19;21177;54;17691;83.5;718;3.4;1749;8.3;1019;4.8
FR;2021-04-07-2021-04-13;29;24856;50.2;20381;82;976;3.9;2188;8.8;1311;5.3
FR;2021-04-07-2021-04-13;39;23800;50.7;19762;83;937;3.9;2039;8.6;1062;4.5
FR;2021-04-07-2021-04-13;49;24589;52.8;20473;83.3;1047;4.3;1891;7.7;1178;4.8
FR;2021-04-07-2021-04-13;59;22043;54;18337;83.2;895;4.1;1783;8.1;1028;4.7
FR;2021-04-07-2021-04-13;69;14289;55.2;11797;82.6;546;3.8;1247;8.7;699;4.9
FR;2021-04-07-2021-04-13;79;8213;56.2;6691;81.5;332;4;734;8.9;456;5.6
FR;2021-04-07-2021-04-13;89;4732;59.3;3788;80.1;182;3.8;472;10;290;6.1
FR;2021-04-07-2021-04-13;90;1919;60.9;1493;77.8;61;3.2;220;11.5;145;7.6
FR;2021-04-08-2021-04-14;09;6737;58.1;5355;79.5;218;3.2;858;12.7;306;4.5
FR;2021-04-08-2021-04-14;19;20266;53.9;16919;83.5;716;3.5;1670;8.2;961;4.7
FR;2021-04-08-2021-04-14;29;23819;49.6;19522;82;944;4;2130;8.9;1223;5.1
FR;2021-04-08-2021-04-14;39;22676;50.3;18750;82.7;949;4.2;1972;8.7;1005;4.4
FR;2021-04-08-2021-04-14;49;23373;52.4;19400;83;977;4.2;1876;8;1120;4.8
FR;2021-04-08-2021-04-14;59;21128;53.6;17523;82.9;871;4.1;1774;8.4;960;4.5
FR;2021-04-08-2021-04-14;69;13682;54.5;11257;82.3;572;4.2;1197;8.7;656;4.8
FR;2021-04-08-2021-04-14;79;7893;55.8;6413;81.2;313;4;736;9.3;431;5.5
FR;2021-04-08-2021-04-14;89;4600;59.4;3683;80.1;167;3.6;479;10.4;271;5.9
FR;2021-04-08-2021-04-14;90;1861;61.6;1434;77.1;54;2.9;233;12.5;140;7.5
FR;2021-04-09-2021-04-15;09;6479;57.8;5163;79.7;217;3.3;821;12.7;278;4.3
FR;2021-04-09-2021-04-15;19;19419;53.4;16208;83.5;683;3.5;1649;8.5;879;4.5
FR;2021-04-09-2021-04-15;29;22890;48.9;18747;81.9;943;4.1;2095;9.2;1105;4.8
FR;2021-04-09-2021-04-15;39;21724;49.7;17925;82.5;903;4.2;1957;9;939;4.3
FR;2021-04-09-2021-04-15;49;22180;51.4;18424;83.1;914;4.1;1854;8.4;988;4.5
FR;2021-04-09-2021-04-15;59;20338;52.7;16888;83;848;4.2;1734;8.5;868;4.3
FR;2021-04-09-2021-04-15;69;13177;53.6;10867;82.5;533;4;1186;9;591;4.5
FR;2021-04-09-2021-04-15;79;7679;55.5;6270;81.7;285;3.7;739;9.6;385;5
FR;2021-04-09-2021-04-15;89;4500;58.9;3576;79.5;168;3.7;493;11;263;5.8
FR;2021-04-09-2021-04-15;90;1860;61.7;1432;77;57;3.1;245;13.2;126;6.8
FR;2021-04-10-2021-04-16;09;6199;57.9;4953;79.9;214;3.5;771;12.4;261;4.2
FR;2021-04-10-2021-04-16;19;18935;53.8;15845;83.7;685;3.6;1598;8.4;807;4.3
FR;2021-04-10-2021-04-16;29;22393;49;18360;82;968;4.3;2058;9.2;1007;4.5
FR;2021-04-10-2021-04-16;39;21417;49.9;17568;82;958;4.5;1988;9.3;903;4.2
FR;2021-04-10-2021-04-16;49;21642;51.6;18067;83.5;896;4.1;1789;8.3;890;4.1
FR;2021-04-10-2021-04-16;59;19956;52.6;16587;83.1;875;4.4;1669;8.4;825;4.1
FR;2021-04-10-2021-04-16;69;12863;53.7;10567;82.2;561;4.4;1189;9.2;546;4.2
FR;2021-04-10-2021-04-16;79;7433;55.5;6098;82;280;3.8;718;9.7;337;4.5
FR;2021-04-10-2021-04-16;89;4408;59;3517;79.8;153;3.5;502;11.4;236;5.4
FR;2021-04-10-2021-04-16;90;1912;62.9;1468;76.8;66;3.5;265;13.9;113;5.9
FR;2021-04-11-2021-04-17;09;6150;58.2;4893;79.6;221;3.6;778;12.7;258;4.2
FR;2021-04-11-2021-04-17;19;18633;54.3;15556;83.5;690;3.7;1602;8.6;785;4.2
FR;2021-04-11-2021-04-17;29;22195;49.2;18200;82;961;4.3;2061;9.3;973;4.4
FR;2021-04-11-2021-04-17;39;21279;50.2;17477;82.1;937;4.4;1976;9.3;889;4.2
FR;2021-04-11-2021-04-17;49;21446;51.9;17881;83.4;885;4.1;1815;8.5;865;4
FR;2021-04-11-2021-04-17;59;19820;52.9;16449;83;906;4.6;1661;8.4;804;4.1
FR;2021-04-11-2021-04-17;69;12654;53.7;10366;81.9;563;4.4;1190;9.4;535;4.2
FR;2021-04-11-2021-04-17;79;7348;56;6006;81.7;276;3.8;728;9.9;338;4.6
FR;2021-04-11-2021-04-17;89;4348;58.9;3449;79.3;163;3.7;505;11.6;231;5.3
FR;2021-04-11-2021-04-17;90;1896;62.7;1458;76.9;68;3.6;257;13.6;113;6
FR;2021-04-12-2021-04-18;09;6145;58.4;4881;79.4;222;3.6;791;12.9;251;4.1
FR;2021-04-12-2021-04-18;19;18556;54.2;15496;83.5;678;3.7;1602;8.6;780;4.2
FR;2021-04-12-2021-04-18;29;22232;49.2;18236;82;963;4.3;2062;9.3;971;4.4
FR;2021-04-12-2021-04-18;39;21238;50.2;17461;82.2;931;4.4;1964;9.2;882;4.2
FR;2021-04-12-2021-04-18;49;21442;52;17874;83.4;893;4.2;1818;8.5;857;4
FR;2021-04-12-2021-04-18;59;19775;52.9;16411;83;910;4.6;1657;8.4;797;4
FR;2021-04-12-2021-04-18;69;12637;53.7;10356;81.9;562;4.4;1192;9.4;527;4.2
FR;2021-04-12-2021-04-18;79;7345;56.2;6005;81.8;280;3.8;728;9.9;332;4.5
FR;2021-04-12-2021-04-18;89;4302;58.6;3416;79.4;159;3.7;500;11.6;227;5.3
FR;2021-04-12-2021-04-18;90;1893;62.6;1461;77.2;66;3.5;251;13.3;115;6.1
FR;2021-04-13-2021-04-19;09;6073;58.6;4822;79.4;234;3.9;769;12.7;248;4.1
FR;2021-04-13-2021-04-19;19;18180;54.6;15171;83.4;713;3.9;1586;8.7;710;3.9
FR;2021-04-13-2021-04-19;29;21970;49.6;17980;81.8;1007;4.6;2072;9.4;911;4.1
FR;2021-04-13-2021-04-19;39;20899;50.3;17144;82;992;4.7;1931;9.2;832;4
FR;2021-04-13-2021-04-19;49;21083;52.1;17599;83.5;912;4.3;1768;8.4;804;3.8
FR;2021-04-13-2021-04-19;59;19487;53.2;16180;83;956;4.9;1600;8.2;751;3.9
FR;2021-04-13-2021-04-19;69;12324;53.6;10089;81.9;590;4.8;1141;9.3;504;4.1
FR;2021-04-13-2021-04-19;79;7140;56;5823;81.6;279;3.9;719;10.1;319;4.5
FR;2021-04-13-2021-04-19;89;4212;58.6;3336;79.2;156;3.7;513;12.2;207;4.9
FR;2021-04-13-2021-04-19;90;1906;62.2;1471;77.2;66;3.5;262;13.7;107;5.6
FR;2021-04-14-2021-04-20;09;6082;58.9;4868;80;245;4;727;12;242;4
FR;2021-04-14-2021-04-20;19;17791;54.6;14899;83.7;723;4.1;1506;8.5;663;3.7
FR;2021-04-14-2021-04-20;29;21929;49.8;18018;82.2;1039;4.7;2002;9.1;870;4
FR;2021-04-14-2021-04-20;39;20615;50.5;16964;82.3;1004;4.9;1824;8.8;823;4
FR;2021-04-14-2021-04-20;49;20675;52.2;17340;83.9;930;4.5;1672;8.1;733;3.5
FR;2021-04-14-2021-04-20;59;19092;53.1;15879;83.2;965;5.1;1532;8;716;3.8
FR;2021-04-14-2021-04-20;69;12150;53.5;9980;82.1;602;5;1083;8.9;485;4
FR;2021-04-14-2021-04-20;79;6966;56.3;5673;81.4;284;4.1;699;10;310;4.5
FR;2021-04-14-2021-04-20;89;4059;57.8;3217;79.3;149;3.7;493;12.1;200;4.9
FR;2021-04-14-2021-04-20;90;1862;62.1;1440;77.3;69;3.7;254;13.6;99;5.3
FR;2021-04-15-2021-04-21;09;6086;58.8;4918;80.8;257;4.2;676;11.1;235;3.9
FR;2021-04-15-2021-04-21;19;17518;54.5;14714;84;724;4.1;1451;8.3;629;3.6
FR;2021-04-15-2021-04-21;29;22193;50.4;18215;82.1;1136;5.1;2006;9;836;3.8
FR;2021-04-15-2021-04-21;39;20529;50.9;16879;82.2;1003;4.9;1832;8.9;815;4
FR;2021-04-15-2021-04-21;49;20617;52.8;17302;83.9;964;4.7;1640;8;711;3.4
FR;2021-04-15-2021-04-21;59;18894;53.6;15736;83.3;981;5.2;1487;7.9;690;3.7
FR;2021-04-15-2021-04-21;69;12011;53.8;9876;82.2;569;4.7;1091;9.1;475;4
FR;2021-04-15-2021-04-21;79;6864;56.4;5599;81.6;285;4.2;676;9.8;304;4.4
FR;2021-04-15-2021-04-21;89;4009;57.3;3178;79.3;150;3.7;483;12;198;4.9
FR;2021-04-15-2021-04-21;90;1899;61.8;1481;78;72;3.8;245;12.9;101;5.3
FR;2021-04-16-2021-04-22;09;6128;59.4;4944;80.7;261;4.3;696;11.4;227;3.7
FR;2021-04-16-2021-04-22;19;17385;55;14553;83.7;764;4.4;1454;8.4;614;3.5
FR;2021-04-16-2021-04-22;29;22233;51;18250;82.1;1153;5.2;2005;9;825;3.7
FR;2021-04-16-2021-04-22;39;20428;51.4;16719;81.8;1055;5.2;1864;9.1;790;3.9
FR;2021-04-16-2021-04-22;49;20535;53.4;17244;84;1003;4.9;1579;7.7;709;3.5
FR;2021-04-16-2021-04-22;59;18781;54.3;15624;83.2;1006;5.4;1498;8;653;3.5
FR;2021-04-16-2021-04-22;69;11875;54.2;9744;82.1;594;5;1056;8.9;481;4.1
FR;2021-04-16-2021-04-22;79;6735;56.4;5488;81.5;306;4.5;659;9.8;282;4.2
FR;2021-04-16-2021-04-22;89;3939;57.7;3112;79;152;3.9;477;12.1;198;5
FR;2021-04-16-2021-04-22;90;1850;60.7;1433;77.5;81;4.4;233;12.6;103;5.6
FR;2021-04-17-2021-04-23;09;6255;59.8;5020;80.3;290;4.6;709;11.3;236;3.8
FR;2021-04-17-2021-04-23;19;16742;54.5;13990;83.6;757;4.5;1412;8.4;583;3.5
FR;2021-04-17-2021-04-23;29;21852;50.7;17875;81.8;1172;5.4;1971;9;834;3.8
FR;2021-04-17-2021-04-23;39;19908;51.3;16348;82.1;1022;5.1;1780;8.9;758;3.8
FR;2021-04-17-2021-04-23;49;19983;53.4;16737;83.8;1018;5.1;1559;7.8;669;3.3
FR;2021-04-17-2021-04-23;59;18397;54.2;15297;83.1;992;5.4;1487;8.1;621;3.4
FR;2021-04-17-2021-04-23;69;11633;54.2;9540;82;575;4.9;1046;9;472;4.1
FR;2021-04-17-2021-04-23;79;6564;56.2;5344;81.4;299;4.6;652;9.9;269;4.1
FR;2021-04-17-2021-04-23;89;3854;57;3033;78.7;154;4;478;12.4;189;4.9
FR;2021-04-17-2021-04-23;90;1783;59.1;1388;77.8;75;4.2;221;12.4;99;5.6
FR;2021-04-18-2021-04-24;09;6342;59.8;5082;80.1;283;4.5;730;11.5;247;3.9
FR;2021-04-18-2021-04-24;19;16480;54.6;13744;83.4;773;4.7;1384;8.4;579;3.5
FR;2021-04-18-2021-04-24;29;21664;50.9;17699;81.7;1170;5.4;1967;9.1;828;3.8
FR;2021-04-18-2021-04-24;39;19648;51.4;16119;82;1037;5.3;1757;8.9;735;3.7
FR;2021-04-18-2021-04-24;49;19660;53.6;16442;83.6;1026;5.2;1541;7.8;651;3.3
FR;2021-04-18-2021-04-24;59;18072;54.3;15043;83.2;964;5.3;1460;8.1;605;3.3
FR;2021-04-18-2021-04-24;69;11524;54.4;9470;82.2;577;5;1018;8.8;459;4
FR;2021-04-18-2021-04-24;79;6494;55.9;5306;81.7;308;4.7;619;9.5;261;4
FR;2021-04-18-2021-04-24;89;3779;57;2992;79.2;145;3.8;463;12.3;179;4.7
FR;2021-04-18-2021-04-24;90;1770;59.3;1362;76.9;82;4.6;228;12.9;98;5.5
FR;2021-04-19-2021-04-25;09;6358;59.7;5097;80.2;287;4.5;723;11.4;251;3.9
FR;2021-04-19-2021-04-25;19;16481;54.7;13752;83.4;775;4.7;1382;8.4;572;3.5
FR;2021-04-19-2021-04-25;29;21495;50.9;17562;81.7;1160;5.4;1956;9.1;817;3.8
FR;2021-04-19-2021-04-25;39;19576;51.4;16047;82;1036;5.3;1759;9;734;3.7
FR;2021-04-19-2021-04-25;49;19589;53.8;16384;83.6;1033;5.3;1527;7.8;645;3.3
FR;2021-04-19-2021-04-25;59;17984;54.3;14965;83.2;966;5.4;1453;8.1;600;3.3
FR;2021-04-19-2021-04-25;69;11490;54.5;9436;82.1;576;5;1021;8.9;457;4
FR;2021-04-19-2021-04-25;79;6456;55.8;5280;81.8;304;4.7;618;9.6;254;3.9
FR;2021-04-19-2021-04-25;89;3761;57.2;2976;79.1;143;3.8;461;12.3;181;4.8
FR;2021-04-19-2021-04-25;90;1760;59.2;1344;76.4;84;4.8;238;13.5;94;5.3
FR;2021-04-20-2021-04-26;09;6429;59.8;5175;80.5;292;4.5;734;11.4;228;3.5
FR;2021-04-20-2021-04-26;19;16001;54.9;13352;83.4;730;4.6;1364;8.5;555;3.5
FR;2021-04-20-2021-04-26;29;20772;50.7;16950;81.6;1122;5.4;1939;9.3;761;3.7
FR;2021-04-20-2021-04-26;39;18869;51.5;15454;81.9;977;5.2;1735;9.2;703;3.7
FR;2021-04-20-2021-04-26;49;18497;53.6;15421;83.4;1010;5.5;1466;7.9;600;3.2
FR;2021-04-20-2021-04-26;59;17319;54.5;14428;83.3;921;5.3;1397;8.1;573;3.3
FR;2021-04-20-2021-04-26;69;11050;54.7;9081;82.2;553;5;1002;9.1;414;3.7
FR;2021-04-20-2021-04-26;79;6144;56.1;4996;81.3;292;4.8;618;10.1;238;3.9
FR;2021-04-20-2021-04-26;89;3684;57.2;2914;79.1;138;3.7;458;12.4;174;4.7
FR;2021-04-20-2021-04-26;90;1767;59.9;1368;77.4;85;4.8;223;12.6;91;5.1
FR;2021-04-21-2021-04-27;09;6439;59.4;5135;79.7;280;4.3;789;12.3;235;3.6
FR;2021-04-21-2021-04-27;19;15542;54.9;12949;83.3;721;4.6;1357;8.7;515;3.3
FR;2021-04-21-2021-04-27;29;19932;50.4;16203;81.3;1085;5.4;1921;9.6;723;3.6
FR;2021-04-21-2021-04-27;39;18146;51.2;14791;81.5;973;5.4;1741;9.6;641;3.5
FR;2021-04-21-2021-04-27;49;17828;53.5;14754;82.8;982;5.5;1512;8.5;580;3.3
FR;2021-04-21-2021-04-27;59;16787;54.7;13939;83;898;5.3;1409;8.4;541;3.2
FR;2021-04-21-2021-04-27;69;10617;54.7;8664;81.6;540;5.1;1021;9.6;392;3.7
FR;2021-04-21-2021-04-27;79;5935;55.6;4807;81;275;4.6;633;10.7;220;3.7
FR;2021-04-21-2021-04-27;89;3541;56.8;2779;78.5;138;3.9;463;13.1;161;4.5
FR;2021-04-21-2021-04-27;90;1711;59;1324;77.4;78;4.6;228;13.3;81;4.7
FR;2021-04-22-2021-04-28;09;6437;59.4;5117;79.5;271;4.2;823;12.8;226;3.5
FR;2021-04-22-2021-04-28;19;15123;55.2;12515;82.8;740;4.9;1375;9.1;493;3.3
FR;2021-04-22-2021-04-28;29;18900;50.2;15316;81;1023;5.4;1857;9.8;704;3.7
FR;2021-04-22-2021-04-28;39;17471;51.3;14232;81.5;986;5.6;1663;9.5;590;3.4
FR;2021-04-22-2021-04-28;49;16941;53.2;13984;82.5;944;5.6;1473;8.7;540;3.2
FR;2021-04-22-2021-04-28;59;16011;54.2;13249;82.7;859;5.4;1382;8.6;521;3.3
FR;2021-04-22-2021-04-28;69;10232;54.8;8359;81.7;527;5.2;994;9.7;352;3.4
FR;2021-04-22-2021-04-28;79;5720;55.7;4616;80.7;266;4.7;644;11.3;194;3.4
FR;2021-04-22-2021-04-28;89;3422;57.2;2679;78.3;147;4.3;446;13;150;4.4
FR;2021-04-22-2021-04-28;90;1645;58.7;1240;75.4;88;5.3;238;14.5;79;4.8
FR;2021-04-23-2021-04-29;09;6488;59.4;5089;78.4;279;4.3;875;13.5;245;3.8
FR;2021-04-23-2021-04-29;19;14648;55.2;12104;82.6;732;5;1350;9.2;462;3.2
FR;2021-04-23-2021-04-29;29;18063;50.2;14601;80.8;1003;5.6;1791;9.9;668;3.7
FR;2021-04-23-2021-04-29;39;16825;51.4;13714;81.5;962;5.7;1597;9.5;552;3.3
FR;2021-04-23-2021-04-29;49;16233;53.5;13335;82.1;906;5.6;1481;9.1;511;3.1
FR;2021-04-23-2021-04-29;59;15304;54.2;12625;82.5;830;5.4;1339;8.7;510;3.3
FR;2021-04-23-2021-04-29;69;9839;55;8034;81.7;504;5.1;975;9.9;326;3.3
FR;2021-04-23-2021-04-29;79;5501;56;4385;79.7;263;4.8;661;12;192;3.5
FR;2021-04-23-2021-04-29;89;3257;56.9;2552;78.4;137;4.2;436;13.4;132;4.1
FR;2021-04-23-2021-04-29;90;1609;59.7;1207;75;88;5.5;247;15.4;67;4.2
FR;2021-04-24-2021-04-30;09;6567;59.1;5113;77.9;279;4.2;925;14.1;250;3.8
FR;2021-04-24-2021-04-30;19;14547;55.2;11934;82;721;5;1419;9.8;473;3.3
FR;2021-04-24-2021-04-30;29;17362;50.3;13981;80.5;973;5.6;1788;10.3;620;3.6
FR;2021-04-24-2021-04-30;39;16161;51.4;13064;80.8;960;5.9;1604;9.9;533;3.3
FR;2021-04-24-2021-04-30;49;15604;53.4;12721;81.5;885;5.7;1488;9.5;510;3.3
FR;2021-04-24-2021-04-30;59;14689;54.1;12012;81.8;832;5.7;1360;9.3;485;3.3
FR;2021-04-24-2021-04-30;69;9453;55;7676;81.2;511;5.4;966;10.2;300;3.2
FR;2021-04-24-2021-04-30;79;5234;55.6;4145;79.2;261;5;652;12.5;176;3.4
FR;2021-04-24-2021-04-30;89;3155;57.3;2447;77.6;145;4.6;429;13.6;134;4.2
FR;2021-04-24-2021-04-30;90;1591;60.5;1191;74.9;91;5.7;238;15;71;4.5
FR;2021-04-25-2021-05-01;09;6036;59.6;4702;77.9;269;4.5;842;13.9;223;3.7
FR;2021-04-25-2021-05-01;19;13464;56;11024;81.9;664;4.9;1341;10;435;3.2
FR;2021-04-25-2021-05-01;29;16015;51;12888;80.5;910;5.7;1660;10.4;557;3.5
FR;2021-04-25-2021-05-01;39;14890;52.2;11985;80.5;889;6;1524;10.2;492;3.3
FR;2021-04-25-2021-05-01;49;14357;54.2;11691;81.4;826;5.8;1373;9.6;467;3.3
FR;2021-04-25-2021-05-01;59;13531;54.8;11017;81.4;791;5.8;1271;9.4;452;3.3
FR;2021-04-25-2021-05-01;69;8670;55.5;7000;80.7;479;5.5;917;10.6;274;3.2
FR;2021-04-25-2021-05-01;79;4837;56;3800;78.6;242;5;634;13.1;161;3.3
FR;2021-04-25-2021-05-01;89;2961;57.1;2283;77.1;147;5;403;13.6;128;4.3
FR;2021-04-25-2021-05-01;90;1529;60.7;1153;75.4;82;5.4;227;14.8;67;4.4
FR;2021-04-26-2021-05-02;09;6044;59.7;4713;78;273;4.5;837;13.8;221;3.7
FR;2021-04-26-2021-05-02;19;13502;56;11049;81.8;674;5;1341;9.9;438;3.2
FR;2021-04-26-2021-05-02;29;16049;51;12920;80.5;919;5.7;1658;10.3;552;3.4
FR;2021-04-26-2021-05-02;39;14837;52.2;11949;80.5;889;6;1518;10.2;481;3.2
FR;2021-04-26-2021-05-02;49;14324;54.1;11668;81.5;812;5.7;1376;9.6;468;3.3
FR;2021-04-26-2021-05-02;59;13543;54.9;11015;81.3;796;5.9;1281;9.5;451;3.3
FR;2021-04-26-2021-05-02;69;8637;55.6;6971;80.7;484;5.6;910;10.5;272;3.1
FR;2021-04-26-2021-05-02;79;4803;55.9;3759;78.3;244;5.1;638;13.3;162;3.4
FR;2021-04-26-2021-05-02;89;2929;56.8;2262;77.2;151;5.2;396;13.5;120;4.1
FR;2021-04-26-2021-05-02;90;1528;61.2;1152;75.4;88;5.8;221;14.5;67;4.4
FR;2021-04-27-2021-05-03;09;6279;60.5;4875;77.6;279;4.4;884;14.1;241;3.8
FR;2021-04-27-2021-05-03;19;13538;56.5;11031;81.5;673;5;1405;10.4;429;3.2
FR;2021-04-27-2021-05-03;29;15532;52;12445;80.1;915;5.9;1647;10.6;525;3.4
FR;2021-04-27-2021-05-03;39;14577;53.4;11705;80.3;918;6.3;1493;10.2;461;3.2
FR;2021-04-27-2021-05-03;49;14113;55.3;11459;81.2;769;5.4;1412;10;473;3.4
FR;2021-04-27-2021-05-03;59;13078;55.8;10591;81;769;5.9;1287;9.8;431;3.3
FR;2021-04-27-2021-05-03;69;8298;56.5;6655;80.2;465;5.6;915;11;263;3.2
FR;2021-04-27-2021-05-03;79;4595;56;3579;77.9;241;5.2;615;13.4;160;3.5
FR;2021-04-27-2021-05-03;89;2825;57.4;2174;77;156;5.5;386;13.7;109;3.9
FR;2021-04-27-2021-05-03;90;1416;59.9;1050;74.2;82;5.8;223;15.7;61;4.3
FR;2021-04-28-2021-05-04;09;6460;61.2;5022;77.7;284;4.4;912;14.1;242;3.7
FR;2021-04-28-2021-05-04;19;13430;57.1;10831;80.6;660;4.9;1500;11.2;439;3.3
FR;2021-04-28-2021-05-04;29;15261;53.1;12161;79.7;949;6.2;1651;10.8;500;3.3
FR;2021-04-28-2021-05-04;39;14307;54.5;11478;80.2;900;6.3;1467;10.3;462;3.2
FR;2021-04-28-2021-05-04;49;13715;56.1;11134;81.2;747;5.4;1380;10.1;454;3.3
FR;2021-04-28-2021-05-04;59;12570;56.4;10121;80.5;759;6;1265;10.1;425;3.4
FR;2021-04-28-2021-05-04;69;7960;57.2;6401;80.4;445;5.6;855;10.7;259;3.3
FR;2021-04-28-2021-05-04;79;4353;56.6;3377;77.6;235;5.4;583;13.4;158;3.6
FR;2021-04-28-2021-05-04;89;2740;58;2119;77.3;147;5.4;368;13.4;106;3.9
FR;2021-04-28-2021-05-04;90;1385;60.3;1028;74.2;86;6.2;210;15.2;61;4.4
FR;2021-04-29-2021-05-05;09;6569;62.2;5083;77.4;303;4.6;939;14.3;244;3.7
FR;2021-04-29-2021-05-05;19;13338;57.6;10757;80.6;644;4.8;1522;11.4;415;3.1
FR;2021-04-29-2021-05-05;29;14895;54;11848;79.5;939;6.3;1647;11.1;461;3.1
FR;2021-04-29-2021-05-05;39;14046;55.1;11246;80.1;879;6.3;1479;10.5;442;3.1
FR;2021-04-29-2021-05-05;49;13415;57.1;10858;80.9;747;5.6;1374;10.2;436;3.3
FR;2021-04-29-2021-05-05;59;12196;57.1;9775;80.1;742;6.1;1267;10.4;412;3.4
FR;2021-04-29-2021-05-05;69;7634;57.7;6078;79.6;448;5.9;843;11;265;3.5
FR;2021-04-29-2021-05-05;79;4128;56.7;3166;76.7;233;5.6;571;13.8;158;3.8
FR;2021-04-29-2021-05-05;89;2611;58.5;1993;76.3;143;5.5;372;14.2;103;3.9
FR;2021-04-29-2021-05-05;90;1308;61.1;997;76.2;68;5.2;186;14.2;57;4.4
FR;2021-04-30-2021-05-06;09;6688;63.1;5200;77.8;308;4.6;934;14;246;3.7
FR;2021-04-30-2021-05-06;19;13212;58.6;10637;80.5;620;4.7;1531;11.6;424;3.2
FR;2021-04-30-2021-05-06;29;14535;54.7;11487;79;929;6.4;1661;11.4;458;3.2
FR;2021-04-30-2021-05-06;39;13741;56;10934;79.6;865;6.3;1492;10.9;450;3.3
FR;2021-04-30-2021-05-06;49;13126;57.7;10584;80.6;757;5.8;1357;10.3;428;3.3
FR;2021-04-30-2021-05-06;59;11902;58;9491;79.7;731;6.1;1266;10.6;414;3.5
FR;2021-04-30-2021-05-06;69;7302;58.3;5799;79.4;428;5.9;820;11.2;255;3.5
FR;2021-04-30-2021-05-06;79;3900;56.6;3000;76.9;214;5.5;537;13.8;149;3.8
FR;2021-04-30-2021-05-06;89;2480;58.3;1873;75.5;145;5.8;364;14.7;98;4
FR;2021-04-30-2021-05-06;90;1223;60;931;76.1;59;4.8;181;14.8;52;4.3
FR;2021-05-01-2021-05-07;09;6728;63.1;5241;77.9;291;4.3;949;14.1;247;3.7
FR;2021-05-01-2021-05-07;19;12781;59.3;10215;79.9;636;5;1521;11.9;409;3.2
FR;2021-05-01-2021-05-07;29;14128;55.5;11097;78.5;886;6.3;1691;12;454;3.2
FR;2021-05-01-2021-05-07;39;13476;56.7;10715;79.5;839;6.2;1499;11.1;423;3.1
FR;2021-05-01-2021-05-07;49;12761;58.4;10275;80.5;734;5.8;1336;10.5;416;3.3
FR;2021-05-01-2021-05-07;59;11449;59.1;9098;79.5;692;6;1252;10.9;407;3.6
FR;2021-05-01-2021-05-07;69;6908;59;5501;79.6;387;5.6;772;11.2;248;3.6
FR;2021-05-01-2021-05-07;79;3733;57.5;2850;76.3;202;5.4;527;14.1;154;4.1
FR;2021-05-01-2021-05-07;89;2388;59.3;1796;75.2;141;5.9;363;15.2;88;3.7
FR;2021-05-01-2021-05-07;90;1159;60.7;874;75.4;63;5.4;179;15.4;43;3.7
FR;2021-05-02-2021-05-08;09;6792;63;5286;77.8;294;4.3;966;14.2;246;3.6
FR;2021-05-02-2021-05-08;19;12764;59.3;10185;79.8;645;5.1;1524;11.9;410;3.2
FR;2021-05-02-2021-05-08;29;14068;55.5;11035;78.4;884;6.3;1696;12.1;453;3.2
FR;2021-05-02-2021-05-08;39;13531;56.7;10778;79.7;849;6.3;1479;10.9;425;3.1
FR;2021-05-02-2021-05-08;49;12733;58.3;10254;80.5;734;5.8;1326;10.4;419;3.3
FR;2021-05-02-2021-05-08;59;11448;59.1;9086;79.4;705;6.2;1258;11;399;3.5
FR;2021-05-02-2021-05-08;69;6898;59;5491;79.6;388;5.6;770;11.2;249;3.6
FR;2021-05-02-2021-05-08;79;3694;57.4;2822;76.4;195;5.3;523;14.2;154;4.2
FR;2021-05-02-2021-05-08;89;2377;59.9;1794;75.5;130;5.5;366;15.4;87;3.7
FR;2021-05-02-2021-05-08;90;1154;60.7;871;75.5;65;5.6;175;15.2;43;3.7
FR;2021-05-03-2021-05-09;09;6791;62.8;5268;77.6;289;4.3;987;14.5;247;3.6
FR;2021-05-03-2021-05-09;19;12674;59.1;10117;79.8;636;5;1519;12;402;3.2
FR;2021-05-03-2021-05-09;29;13974;55.6;10943;78.3;880;6.3;1689;12.1;462;3.3
FR;2021-05-03-2021-05-09;39;13488;56.8;10737;79.6;853;6.3;1472;10.9;426;3.2
FR;2021-05-03-2021-05-09;49;12662;58.2;10208;80.6;729;5.8;1316;10.4;409;3.2
FR;2021-05-03-2021-05-09;59;11375;59.2;9040;79.5;689;6.1;1249;11;397;3.5
FR;2021-05-03-2021-05-09;69;6856;59;5460;79.6;376;5.5;769;11.2;251;3.7
FR;2021-05-03-2021-05-09;79;3660;58;2801;76.5;190;5.2;516;14.1;153;4.2
FR;2021-05-03-2021-05-09;89;2344;60.1;1763;75.2;126;5.4;366;15.6;89;3.8
FR;2021-05-03-2021-05-09;90;1137;60.6;855;75.2;62;5.5;179;15.7;41;3.6
FR;2021-05-04-2021-05-10;09;6822;63.2;5233;76.7;296;4.3;1055;15.5;238;3.5
FR;2021-05-04-2021-05-10;19;12072;59;9557;79.2;627;5.2;1489;12.3;399;3.3
FR;2021-05-04-2021-05-10;29;13379;55.9;10393;77.7;870;6.5;1691;12.6;425;3.2
FR;2021-05-04-2021-05-10;39;12966;57;10205;78.7;830;6.4;1530;11.8;401;3.1
FR;2021-05-04-2021-05-10;49;12017;58.4;9592;79.8;730;6.1;1316;11;379;3.2
FR;2021-05-04-2021-05-10;59;10781;59.8;8423;78.1;701;6.5;1289;12;368;3.4
FR;2021-05-04-2021-05-10;69;6479;59.3;5109;78.9;359;5.5;789;12.2;222;3.4
FR;2021-05-04-2021-05-10;79;3371;58.4;2540;75.3;175;5.2;522;15.5;134;4
FR;2021-05-04-2021-05-10;89;2158;59.5;1602;74.2;119;5.5;359;16.6;78;3.6
FR;2021-05-04-2021-05-10;90;1070;61;795;74.3;66;6.2;174;16.3;35;3.3
FR;2021-05-05-2021-05-11;09;6809;63.3;5204;76.4;305;4.5;1059;15.6;241;3.5
FR;2021-05-05-2021-05-11;19;11750;58.8;9303;79.2;640;5.4;1439;12.2;368;3.1
FR;2021-05-05-2021-05-11;29;12827;55.8;9880;77;817;6.4;1710;13.3;420;3.3
FR;2021-05-05-2021-05-11;39;12657;57.2;9940;78.5;836;6.6;1504;11.9;377;3
FR;2021-05-05-2021-05-11;49;11539;58.2;9143;79.2;739;6.4;1290;11.2;367;3.2
FR;2021-05-05-2021-05-11;59;10269;59.5;7980;77.7;667;6.5;1282;12.5;340;3.3
FR;2021-05-05-2021-05-11;69;6064;58.5;4761;78.5;326;5.4;785;12.9;192;3.2
FR;2021-05-05-2021-05-11;79;3175;58.4;2384;75.1;163;5.1;506;15.9;122;3.8
FR;2021-05-05-2021-05-11;89;2023;59.6;1493;73.8;111;5.5;348;17.2;71;3.5
FR;2021-05-05-2021-05-11;90;993;60.7;725;73;60;6;175;17.6;33;3.3
FR;2021-05-06-2021-05-12;09;6815;63.2;5188;76.1;303;4.4;1071;15.7;253;3.7
FR;2021-05-06-2021-05-12;19;11583;58.6;9151;79;616;5.3;1450;12.5;366;3.2
FR;2021-05-06-2021-05-12;29;12547;55.7;9636;76.8;790;6.3;1709;13.6;412;3.3
FR;2021-05-06-2021-05-12;39;12493;57.2;9791;78.4;827;6.6;1496;12;379;3
FR;2021-05-06-2021-05-12;49;11384;58.1;8973;78.8;712;6.3;1337;11.7;362;3.2
FR;2021-05-06-2021-05-12;59;10044;59.4;7780;77.5;653;6.5;1277;12.7;334;3.3
FR;2021-05-06-2021-05-12;69;5863;58.5;4585;78.2;316;5.4;784;13.4;178;3
FR;2021-05-06-2021-05-12;79;3000;57.5;2260;75.3;153;5.1;468;15.6;119;4
FR;2021-05-06-2021-05-12;89;1939;59.7;1433;73.9;115;5.9;333;17.2;58;3
FR;2021-05-06-2021-05-12;90;938;59.6;672;71.6;60;6.4;175;18.7;31;3.3
FR;2021-05-07-2021-05-13;09;5767;62.4;4382;76;255;4.4;923;16;207;3.6
FR;2021-05-07-2021-05-13;19;9639;57.4;7581;78.6;531;5.5;1226;12.7;301;3.1
FR;2021-05-07-2021-05-13;29;10578;55.1;8079;76.4;670;6.3;1492;14.1;337;3.2
FR;2021-05-07-2021-05-13;39;10684;56.6;8373;78.4;717;6.7;1284;12;310;2.9
FR;2021-05-07-2021-05-13;49;9608;57.3;7560;78.7;602;6.3;1138;11.8;308;3.2
FR;2021-05-07-2021-05-13;59;8447;59;6514;77.1;550;6.5;1121;13.3;262;3.1
FR;2021-05-07-2021-05-13;69;4963;57.8;3852;77.6;276;5.6;687;13.8;148;3
FR;2021-05-07-2021-05-13;79;2534;56.8;1889;74.5;126;5;413;16.3;106;4.2
FR;2021-05-07-2021-05-13;89;1669;59.4;1240;74.3;95;5.7;285;17.1;49;2.9
FR;2021-05-07-2021-05-13;90;798;59.8;569;71.3;53;6.6;150;18.8;26;3.3
FR;2021-05-08-2021-05-14;09;5721;63;4344;75.9;256;4.5;924;16.2;197;3.4
FR;2021-05-08-2021-05-14;19;9483;57.3;7512;79.2;519;5.5;1183;12.5;269;2.8
FR;2021-05-08-2021-05-14;29;10459;55.1;8045;76.9;653;6.2;1441;13.8;320;3.1
FR;2021-05-08-2021-05-14;39;10687;56.8;8393;78.5;726;6.8;1275;11.9;293;2.7
FR;2021-05-08-2021-05-14;49;9565;57.4;7543;78.9;603;6.3;1128;11.8;291;3
FR;2021-05-08-2021-05-14;59;8343;58.8;6452;77.3;553;6.6;1099;13.2;239;2.9
FR;2021-05-08-2021-05-14;69;4899;57.9;3758;76.7;293;6;704;14.4;144;2.9
FR;2021-05-08-2021-05-14;79;2429;56.7;1831;75.4;125;5.1;379;15.6;94;3.9
FR;2021-05-08-2021-05-14;89;1564;57.8;1162;74.3;81;5.2;276;17.6;45;2.9
FR;2021-05-08-2021-05-14;90;763;57.9;534;70;47;6.2;157;20.6;25;3.3
FR;2021-05-09-2021-05-15;09;6062;62.9;4603;75.9;267;4.4;979;16.1;213;3.5
FR;2021-05-09-2021-05-15;19;10169;56.8;8079;79.4;534;5.3;1267;12.5;289;2.8
FR;2021-05-09-2021-05-15;29;11012;54.9;8479;77;684;6.2;1517;13.8;332;3
FR;2021-05-09-2021-05-15;39;11234;56.6;8792;78.3;753;6.7;1377;12.3;312;2.8
FR;2021-05-09-2021-05-15;49;10120;57.4;7988;78.9;626;6.2;1203;11.9;303;3
FR;2021-05-09-2021-05-15;59;8745;58.5;6807;77.8;559;6.4;1133;13;246;2.8
FR;2021-05-09-2021-05-15;69;5143;58.1;3943;76.7;312;6.1;740;14.4;148;2.9
FR;2021-05-09-2021-05-15;79;2538;57.1;1907;75.1;130;5.1;405;16;96;3.8
FR;2021-05-09-2021-05-15;89;1604;57.8;1192;74.3;84;5.2;283;17.6;45;2.8
FR;2021-05-09-2021-05-15;90;762;57.8;530;69.6;44;5.8;162;21.3;26;3.4
FR;2021-05-10-2021-05-16;09;6043;63.1;4592;76;268;4.4;969;16;214;3.5
FR;2021-05-10-2021-05-16;19;10181;57;8072;79.3;542;5.3;1275;12.5;292;2.9
FR;2021-05-10-2021-05-16;29;11000;55;8465;77;689;6.3;1521;13.8;325;3
FR;2021-05-10-2021-05-16;39;11209;56.7;8777;78.3;743;6.6;1377;12.3;312;2.8
FR;2021-05-10-2021-05-16;49;10097;57.7;7967;78.9;636;6.3;1194;11.8;300;3
FR;2021-05-10-2021-05-16;59;8684;58.5;6765;77.9;562;6.5;1113;12.8;244;2.8
FR;2021-05-10-2021-05-16;69;5107;58.2;3911;76.6;313;6.1;738;14.5;145;2.8
FR;2021-05-10-2021-05-16;79;2513;57;1886;75;138;5.5;394;15.7;95;3.8
FR;2021-05-10-2021-05-16;89;1577;58.3;1172;74.3;84;5.3;273;17.3;48;3
FR;2021-05-10-2021-05-16;90;750;57.8;525;70;42;5.6;155;20.7;28;3.7
FR;2021-05-11-2021-05-17;09;5762;63.1;4379;76;256;4.4;917;15.9;210;3.6
FR;2021-05-11-2021-05-17;19;10065;56.8;7962;79.1;530;5.3;1280;12.7;293;2.9
FR;2021-05-11-2021-05-17;29;10405;54.4;8028;77.2;626;6;1434;13.8;317;3
FR;2021-05-11-2021-05-17;39;10839;56.5;8498;78.4;723;6.7;1306;12;312;2.9
FR;2021-05-11-2021-05-17;49;9652;57.7;7638;79.1;613;6.4;1117;11.6;284;2.9
FR;2021-05-11-2021-05-17;59;7972;57.9;6216;78;513;6.4;1013;12.7;230;2.9
FR;2021-05-11-2021-05-17;69;4661;57.8;3543;76;303;6.5;675;14.5;140;3
FR;2021-05-11-2021-05-17;79;2300;56.2;1737;75.5;127;5.5;354;15.4;82;3.6
FR;2021-05-11-2021-05-17;89;1425;57.2;1040;73;90;6.3;245;17.2;50;3.5
FR;2021-05-11-2021-05-17;90;665;56.2;470;70.7;44;6.6;123;18.5;28;4.2
FR;2021-05-12-2021-05-18;09;5737;63.3;4348;75.8;253;4.4;931;16.2;205;3.6
FR;2021-05-12-2021-05-18;19;10297;57.1;8171;79.4;510;5;1291;12.5;325;3.2
FR;2021-05-12-2021-05-18;29;10240;54.4;7911;77.3;645;6.3;1356;13.2;328;3.2
FR;2021-05-12-2021-05-18;39;10668;56.3;8403;78.8;690;6.5;1274;11.9;301;2.8
FR;2021-05-12-2021-05-18;49;9558;57.9;7566;79.2;591;6.2;1117;11.7;284;3
FR;2021-05-12-2021-05-18;59;7713;58.4;6030;78.2;497;6.4;948;12.3;238;3.1
FR;2021-05-12-2021-05-18;69;4495;57.9;3384;75.3;309;6.9;670;14.9;132;2.9
FR;2021-05-12-2021-05-18;79;2180;55.6;1616;74.1;128;5.9;355;16.3;81;3.7
FR;2021-05-12-2021-05-18;89;1335;56.8;958;71.8;93;7;233;17.5;51;3.8
FR;2021-05-12-2021-05-18;90;620;55.3;430;69.4;43;6.9;119;19.2;28;4.5
FR;2021-05-13-2021-05-19;09;5521;63;4204;76.1;227;4.1;900;16.3;190;3.4
FR;2021-05-13-2021-05-19;19;10298;57.2;8181;79.4;494;4.8;1266;12.3;357;3.5
FR;2021-05-13-2021-05-19;29;9991;54.9;7698;77;620;6.2;1328;13.3;345;3.5
FR;2021-05-13-2021-05-19;39;10376;56.4;8186;78.9;659;6.4;1256;12.1;275;2.7
FR;2021-05-13-2021-05-19;49;9294;58;7403;79.7;575;6.2;1027;11.1;289;3.1
FR;2021-05-13-2021-05-19;59;7324;58.7;5723;78.1;474;6.5;908;12.4;219;3
FR;2021-05-13-2021-05-19;69;4275;58.2;3201;74.9;301;7;642;15;131;3.1
FR;2021-05-13-2021-05-19;79;2135;56.4;1565;73.3;132;6.2;358;16.8;80;3.7
FR;2021-05-13-2021-05-19;89;1222;55.8;874;71.5;77;6.3;218;17.8;53;4.3
FR;2021-05-13-2021-05-19;90;569;54.4;376;66.1;45;7.9;121;21.3;27;4.7
FR;2021-05-14-2021-05-20;09;6281;63.5;4771;76;246;3.9;1043;16.6;221;3.5
FR;2021-05-14-2021-05-20;19;11881;58.1;9418;79.3;569;4.8;1481;12.5;413;3.5
FR;2021-05-14-2021-05-20;29;11278;55.5;8724;77.4;681;6;1486;13.2;387;3.4
FR;2021-05-14-2021-05-20;39;11662;56.8;9196;78.9;729;6.3;1407;12.1;330;2.8
FR;2021-05-14-2021-05-20;49;10496;58.6;8352;79.6;633;6;1166;11.1;345;3.3
FR;2021-05-14-2021-05-20;59;8134;58.9;6367;78.3;531;6.5;986;12.1;250;3.1
FR;2021-05-14-2021-05-20;69;4796;58.7;3599;75;341;7.1;708;14.8;148;3.1
FR;2021-05-14-2021-05-20;79;2371;57.1;1744;73.6;140;5.9;396;16.7;91;3.8
FR;2021-05-14-2021-05-20;89;1335;55.9;959;71.8;85;6.4;235;17.6;56;4.2
FR;2021-05-14-2021-05-20;90;622;55.3;416;66.9;46;7.4;125;20.1;35;5.6
FR;2021-05-15-2021-05-21;09;5840;63.3;4408;75.5;227;3.9;993;17;212;3.6
FR;2021-05-15-2021-05-21;19;11540;58;9117;79;524;4.5;1489;12.9;410;3.6
FR;2021-05-15-2021-05-21;29;10685;55.4;8217;76.9;662;6.2;1427;13.4;379;3.5
FR;2021-05-15-2021-05-21;39;10872;56.3;8573;78.9;675;6.2;1308;12;316;2.9
FR;2021-05-15-2021-05-21;49;9849;58.5;7764;78.8;599;6.1;1158;11.8;328;3.3
FR;2021-05-15-2021-05-21;59;7451;58.7;5804;77.9;494;6.6;907;12.2;246;3.3
FR;2021-05-15-2021-05-21;69;4396;58.1;3311;75.3;301;6.8;646;14.7;138;3.1
FR;2021-05-15-2021-05-21;79;2163;55.5;1567;72.4;133;6.1;374;17.3;89;4.1
FR;2021-05-15-2021-05-21;89;1209;55;861;71.2;88;7.3;202;16.7;58;4.8
FR;2021-05-15-2021-05-21;90;564;55;378;67;37;6.6;105;18.6;44;7.8
FR;2021-05-16-2021-05-22;09;5712;62.9;4299;75.3;227;4;974;17.1;212;3.7
FR;2021-05-16-2021-05-22;19;11443;58;9036;79;535;4.7;1458;12.7;414;3.6
FR;2021-05-16-2021-05-22;29;10519;55.3;8092;76.9;649;6.2;1401;13.3;377;3.6
FR;2021-05-16-2021-05-22;39;10672;56.1;8446;79.1;667;6.2;1253;11.7;306;2.9
FR;2021-05-16-2021-05-22;49;9701;58.3;7623;78.6;607;6.3;1142;11.8;329;3.4
FR;2021-05-16-2021-05-22;59;7302;58.6;5674;77.7;492;6.7;882;12.1;254;3.5
FR;2021-05-16-2021-05-22;69;4312;58.2;3243;75.2;293;6.8;635;14.7;141;3.3
FR;2021-05-16-2021-05-22;79;2119;55.4;1541;72.7;134;6.3;359;16.9;85;4
FR;2021-05-16-2021-05-22;89;1178;55.4;840;71.3;89;7.6;192;16.3;57;4.8
FR;2021-05-16-2021-05-22;90;555;55.6;369;66.5;38;6.8;101;18.2;47;8.5
FR;2021-05-17-2021-05-23;09;5659;63;4263;75.3;225;4;958;16.9;213;3.8
FR;2021-05-17-2021-05-23;19;11420;58;9017;79;533;4.7;1454;12.7;416;3.6
FR;2021-05-17-2021-05-23;29;10452;55.2;8048;77;642;6.1;1394;13.3;368;3.5
FR;2021-05-17-2021-05-23;39;10609;56.3;8392;79.1;667;6.3;1244;11.7;306;2.9
FR;2021-05-17-2021-05-23;49;9663;58.4;7575;78.4;602;6.2;1146;11.9;340;3.5
FR;2021-05-17-2021-05-23;59;7266;58.7;5622;77.4;490;6.7;894;12.3;260;3.6
FR;2021-05-17-2021-05-23;69;4270;58.2;3213;75.2;287;6.7;629;14.7;141;3.3
FR;2021-05-17-2021-05-23;79;2094;55.4;1524;72.8;128;6.1;357;17;85;4.1
FR;2021-05-17-2021-05-23;89;1169;55.4;827;70.7;91;7.8;197;16.9;54;4.6
FR;2021-05-17-2021-05-23;90;549;56.2;364;66.3;35;6.4;104;18.9;46;8.4
FR;2021-05-18-2021-05-24;09;4508;62.1;3377;74.9;180;4;772;17.1;179;4
FR;2021-05-18-2021-05-24;19;9212;57.4;7254;78.7;437;4.7;1174;12.7;347;3.8
FR;2021-05-18-2021-05-24;29;8485;54.7;6469;76.2;526;6.2;1176;13.9;314;3.7
FR;2021-05-18-2021-05-24;39;8301;55;6561;79;508;6.1;992;12;240;2.9
FR;2021-05-18-2021-05-24;49;7567;57.3;5844;77.2;477;6.3;968;12.8;278;3.7
FR;2021-05-18-2021-05-24;59;5589;57.3;4298;76.9;377;6.7;709;12.7;205;3.7
FR;2021-05-18-2021-05-24;69;3298;57.2;2457;74.5;226;6.9;497;15.1;118;3.6
FR;2021-05-18-2021-05-24;79;1681;54.7;1207;71.8;105;6.2;293;17.4;76;4.5
FR;2021-05-18-2021-05-24;89;922;54.2;657;71.3;63;6.8;156;16.9;46;5
FR;2021-05-18-2021-05-24;90;457;55.3;287;62.8;24;5.3;98;21.4;48;10.5
FR;2021-05-19-2021-05-25;09;4319;61.3;3218;74.5;160;3.7;758;17.6;183;4.2
FR;2021-05-19-2021-05-25;19;9303;56.9;7306;78.5;439;4.7;1219;13.1;339;3.6
FR;2021-05-19-2021-05-25;29;8639;54.3;6603;76.4;478;5.5;1236;14.3;322;3.7
FR;2021-05-19-2021-05-25;39;8429;54.7;6618;78.5;503;6;1047;12.4;261;3.1
FR;2021-05-19-2021-05-25;49;7700;56.9;5984;77.7;462;6;975;12.7;279;3.6
FR;2021-05-19-2021-05-25;59;5709;56.2;4419;77.4;391;6.8;696;12.2;203;3.6
FR;2021-05-19-2021-05-25;69;3304;56.7;2452;74.2;218;6.6;501;15.2;133;4
FR;2021-05-19-2021-05-25;79;1645;53.9;1187;72.2;105;6.4;272;16.5;81;4.9
FR;2021-05-19-2021-05-25;89;918;52.9;647;70.5;60;6.5;159;17.3;52;5.7
FR;2021-05-19-2021-05-25;90;434;53.5;270;62.2;24;5.5;98;22.6;42;9.7
FR;2021-05-20-2021-05-26;09;4148;61.1;3072;74.1;155;3.7;745;18;176;4.2
FR;2021-05-20-2021-05-26;19;9063;56.6;7112;78.5;433;4.8;1192;13.2;326;3.6
FR;2021-05-20-2021-05-26;29;8431;53.7;6494;77;464;5.5;1165;13.8;308;3.7
FR;2021-05-20-2021-05-26;39;8110;54.4;6348;78.3;500;6.2;988;12.2;274;3.4
FR;2021-05-20-2021-05-26;49;7439;56.4;5753;77.3;452;6.1;958;12.9;276;3.7
FR;2021-05-20-2021-05-26;59;5507;55.6;4240;77;385;7;670;12.2;212;3.8
FR;2021-05-20-2021-05-26;69;3184;55.7;2372;74.5;198;6.2;486;15.3;128;4
FR;2021-05-20-2021-05-26;79;1512;52.3;1098;72.6;94;6.2;246;16.3;74;4.9
FR;2021-05-20-2021-05-26;89;862;50.4;599;69.5;55;6.4;156;18.1;52;6
FR;2021-05-20-2021-05-26;90;430;53;281;65.3;19;4.4;88;20.5;42;9.8
FR;2021-05-21-2021-05-27;09;3922;60;2891;73.7;158;4;711;18.1;162;4.1
FR;2021-05-21-2021-05-27;19;8787;55.3;6907;78.6;407;4.6;1150;13.1;323;3.7
FR;2021-05-21-2021-05-27;29;8179;52.7;6310;77.1;471;5.8;1094;13.4;304;3.7
FR;2021-05-21-2021-05-27;39;7725;53.6;6066;78.5;466;6;941;12.2;252;3.3
FR;2021-05-21-2021-05-27;49;7103;55.5;5488;77.3;433;6.1;926;13;256;3.6
FR;2021-05-21-2021-05-27;59;5338;54.8;4107;76.9;354;6.6;659;12.3;218;4.1
FR;2021-05-21-2021-05-27;69;3004;54.7;2235;74.4;175;5.8;476;15.8;118;3.9
FR;2021-05-21-2021-05-27;79;1456;51.8;1067;73.3;91;6.2;233;16;65;4.5
FR;2021-05-21-2021-05-27;89;818;48.5;565;69.1;48;5.9;152;18.6;53;6.5
FR;2021-05-21-2021-05-27;90;397;51.6;255;64.2;16;4;86;21.7;40;10.1
FR;2021-05-22-2021-05-28;09;3699;58.3;2711;73.3;159;4.3;682;18.4;147;4
FR;2021-05-22-2021-05-28;19;8401;53.5;6619;78.8;401;4.8;1064;12.7;317;3.8
FR;2021-05-22-2021-05-28;29;7670;51;5956;77.7;430;5.6;1007;13.1;277;3.6
FR;2021-05-22-2021-05-28;39;7265;52.2;5705;78.5;429;5.9;890;12.3;241;3.3
FR;2021-05-22-2021-05-28;49;6666;53.6;5201;78;416;6.2;804;12.1;245;3.7
FR;2021-05-22-2021-05-28;59;4987;53.2;3839;77;326;6.5;627;12.6;195;3.9
FR;2021-05-22-2021-05-28;69;2778;53.5;2048;73.7;165;5.9;453;16.3;112;4
FR;2021-05-22-2021-05-28;79;1386;51;1006;72.6;87;6.3;227;16.4;66;4.8
FR;2021-05-22-2021-05-28;89;780;47.4;542;69.5;37;4.7;155;19.9;46;5.9
FR;2021-05-22-2021-05-28;90;368;48.7;236;64.1;20;5.4;83;22.6;29;7.9
FR;2021-05-23-2021-05-29;09;3545;57.5;2604;73.5;151;4.3;650;18.3;140;3.9
FR;2021-05-23-2021-05-29;19;8094;52.3;6401;79.1;379;4.7;1013;12.5;301;3.7
FR;2021-05-23-2021-05-29;29;7395;50;5753;77.8;418;5.7;951;12.9;273;3.7
FR;2021-05-23-2021-05-29;39;6936;51.3;5435;78.4;414;6;848;12.2;239;3.4
FR;2021-05-23-2021-05-29;49;6335;52.2;4963;78.3;386;6.1;749;11.8;237;3.7
FR;2021-05-23-2021-05-29;59;4736;52;3644;76.9;302;6.4;604;12.8;186;3.9
FR;2021-05-23-2021-05-29;69;2639;51.7;1938;73.4;150;5.7;441;16.7;110;4.2
FR;2021-05-23-2021-05-29;79;1303;48.9;948;72.8;81;6.2;209;16;65;5
FR;2021-05-23-2021-05-29;89;738;45.6;502;68;34;4.6;153;20.7;49;6.6
FR;2021-05-23-2021-05-29;90;346;46.9;225;65;18;5.2;80;23.1;23;6.6
FR;2021-05-24-2021-05-30;09;3525;57.2;2582;73.2;150;4.3;654;18.6;139;3.9
FR;2021-05-24-2021-05-30;19;8010;51.9;6350;79.3;369;4.6;994;12.4;297;3.7
FR;2021-05-24-2021-05-30;29;7288;49.6;5667;77.8;413;5.7;936;12.8;272;3.7
FR;2021-05-24-2021-05-30;39;6854;50.9;5372;78.4;405;5.9;837;12.2;240;3.5
FR;2021-05-24-2021-05-30;49;6261;51.8;4912;78.5;384;6.1;735;11.7;230;3.7
FR;2021-05-24-2021-05-30;59;4672;51.5;3611;77.3;295;6.3;589;12.6;177;3.8
FR;2021-05-24-2021-05-30;69;2610;51.5;1924;73.7;148;5.7;430;16.5;108;4.1
FR;2021-05-24-2021-05-30;79;1286;48.5;938;72.9;79;6.1;207;16.1;62;4.8
FR;2021-05-24-2021-05-30;89;718;44.8;490;68.2;31;4.3;147;20.5;50;7
FR;2021-05-24-2021-05-30;90;340;46.3;218;64.1;19;5.6;77;22.6;26;7.6
FR;2021-05-25-2021-05-31;09;3805;54.7;2763;72.6;177;4.7;711;18.7;154;4
FR;2021-05-25-2021-05-31;19;8674;49.5;6890;79.4;401;4.6;1061;12.2;322;3.7
FR;2021-05-25-2021-05-31;29;7828;47.2;6098;77.9;464;5.9;987;12.6;279;3.6
FR;2021-05-25-2021-05-31;39;7335;48.5;5738;78.2;437;6;894;12.2;266;3.6
FR;2021-05-25-2021-05-31;49;6761;48.9;5306;78.5;406;6;789;11.7;260;3.8
FR;2021-05-25-2021-05-31;59;5089;49;3928;77.2;333;6.5;621;12.2;207;4.1
FR;2021-05-25-2021-05-31;69;2853;49;2112;74;164;5.7;458;16.1;119;4.2
FR;2021-05-25-2021-05-31;79;1373;46.5;996;72.5;88;6.4;225;16.4;64;4.7
FR;2021-05-25-2021-05-31;89;781;43.6;530;67.9;36;4.6;165;21.1;50;6.4
FR;2021-05-25-2021-05-31;90;356;44.1;230;64.6;18;5.1;88;24.7;20;5.6
FR;2021-05-26-2021-06-01;09;3096;50.3;2221;71.7;150;4.8;599;19.3;126;4.1
FR;2021-05-26-2021-06-01;19;7034;45.2;5576;79.3;341;4.8;826;11.7;291;4.1
FR;2021-05-26-2021-06-01;29;6338;43.3;4925;77.7;407;6.4;770;12.1;236;3.7
FR;2021-05-26-2021-06-01;39;5745;44;4464;77.7;341;5.9;708;12.3;232;4
FR;2021-05-26-2021-06-01;49;5349;44.3;4133;77.3;340;6.4;653;12.2;223;4.2
FR;2021-05-26-2021-06-01;59;3971;44.2;3010;75.8;257;6.5;523;13.2;181;4.6
FR;2021-05-26-2021-06-01;69;2280;44.7;1685;73.9;137;6;363;15.9;95;4.2
FR;2021-05-26-2021-06-01;79;1134;42.6;805;71;71;6.3;207;18.3;51;4.5
FR;2021-05-26-2021-06-01;89;617;39.1;419;67.9;24;3.9;137;22.2;37;6
FR;2021-05-26-2021-06-01;90;299;42.8;199;66.6;13;4.3;66;22.1;21;7
FR;2021-05-27-2021-06-02;09;2614;45.9;1850;70.8;127;4.9;523;20;114;4.4
FR;2021-05-27-2021-06-02;19;5831;40.2;4585;78.6;301;5.2;692;11.9;253;4.3
FR;2021-05-27-2021-06-02;29;5233;38.5;4013;76.7;343;6.6;672;12.8;205;3.9
FR;2021-05-27-2021-06-02;39;4768;39.3;3666;76.9;284;6;600;12.6;218;4.6
FR;2021-05-27-2021-06-02;49;4444;39.6;3417;76.9;292;6.6;542;12.2;193;4.3
FR;2021-05-27-2021-06-02;59;3336;39.8;2514;75.4;232;7;434;13;156;4.7
FR;2021-05-27-2021-06-02;69;1877;39.9;1367;72.8;124;6.6;304;16.2;82;4.4
FR;2021-05-27-2021-06-02;79;966;38.7;673;69.7;63;6.5;182;18.8;48;5
FR;2021-05-27-2021-06-02;89;546;36.9;369;67.6;26;4.8;120;22;31;5.7
FR;2021-05-27-2021-06-02;90;230;37.8;148;64.3;11;4.8;54;23.5;17;7.4
FR;2021-05-28-2021-06-03;09;2117;41;1489;70.3;104;4.9;415;19.6;109;5.1
FR;2021-05-28-2021-06-03;19;4743;35.1;3729;78.6;258;5.4;533;11.2;223;4.7
FR;2021-05-28-2021-06-03;29;4253;33.6;3251;76.4;265;6.2;565;13.3;172;4
FR;2021-05-28-2021-06-03;39;3871;34.4;2934;75.8;246;6.4;500;12.9;191;4.9
FR;2021-05-28-2021-06-03;49;3642;34.7;2802;76.9;242;6.6;432;11.9;166;4.6
FR;2021-05-28-2021-06-03;59;2724;34.7;2030;74.5;215;7.9;349;12.8;130;4.8
FR;2021-05-28-2021-06-03;69;1540;35.1;1089;70.7;109;7.1;257;16.7;85;5.5
FR;2021-05-28-2021-06-03;79;780;33.9;529;67.8;56;7.2;150;19.2;45;5.8
FR;2021-05-28-2021-06-03;89;464;33.7;308;66.4;22;4.7;106;22.8;28;6
FR;2021-05-28-2021-06-03;90;196;33.1;127;64.8;12;6.1;43;21.9;14;7.1
FR;2021-05-29-2021-06-04;09;1633;34.8;1153;70.6;78;4.8;302;18.5;100;6.1
FR;2021-05-29-2021-06-04;19;3774;30.3;2960;78.4;213;5.6;411;10.9;190;5
FR;2021-05-29-2021-06-04;29;3443;29.1;2608;75.7;236;6.9;462;13.4;137;4
FR;2021-05-29-2021-06-04;39;3124;30.1;2351;75.3;210;6.7;389;12.5;174;5.6
FR;2021-05-29-2021-06-04;49;2926;30.3;2250;76.9;178;6.1;358;12.2;140;4.8
FR;2021-05-29-2021-06-04;59;2219;30.3;1653;74.5;178;8;278;12.5;110;5
FR;2021-05-29-2021-06-04;69;1239;30.2;873;70.5;88;7.1;205;16.5;73;5.9
FR;2021-05-29-2021-06-04;79;627;29.1;425;67.8;41;6.5;131;20.9;30;4.8
FR;2021-05-29-2021-06-04;89;378;29.7;244;64.6;22;5.8;83;22;29;7.7
FR;2021-05-29-2021-06-04;90;163;29.4;109;66.9;7;4.3;34;20.9;13;8
FR;2021-05-30-2021-06-05;09;1417;31.9;994;70.1;64;4.5;267;18.8;92;6.5
FR;2021-05-30-2021-06-05;19;3344;28.3;2605;77.9;187;5.6;373;11.2;179;5.4
FR;2021-05-30-2021-06-05;29;3079;27.2;2331;75.7;208;6.8;417;13.5;123;4
FR;2021-05-30-2021-06-05;39;2787;28;2085;74.8;177;6.4;355;12.7;170;6.1
FR;2021-05-30-2021-06-05;49;2615;28.4;2014;77;155;5.9;317;12.1;129;4.9
FR;2021-05-30-2021-06-05;59;1948;28.2;1446;74.2;160;8.2;243;12.5;99;5.1
FR;2021-05-30-2021-06-05;69;1095;28.3;769;70.2;80;7.3;176;16.1;70;6.4
FR;2021-05-30-2021-06-05;79;551;27;366;66.4;36;6.5;121;22;28;5.1
FR;2021-05-30-2021-06-05;89;357;28.1;232;65;23;6.4;76;21.3;26;7.3
FR;2021-05-30-2021-06-05;90;157;28.9;102;65;7;4.5;35;22.3;13;8.3
FR;2021-05-31-2021-06-06;09;1382;31.5;974;70.5;63;4.6;257;18.6;88;6.4
FR;2021-05-31-2021-06-06;19;3272;28;2546;77.8;185;5.7;364;11.1;177;5.4
FR;2021-05-31-2021-06-06;29;3021;26.9;2287;75.7;202;6.7;408;13.5;124;4.1
FR;2021-05-31-2021-06-06;39;2714;27.6;2028;74.7;176;6.5;347;12.8;163;6
FR;2021-05-31-2021-06-06;49;2527;27.9;1944;76.9;146;5.8;310;12.3;127;5
FR;2021-05-31-2021-06-06;59;1909;28;1418;74.3;158;8.3;234;12.3;99;5.2
FR;2021-05-31-2021-06-06;69;1069;27.9;746;69.8;79;7.4;174;16.3;70;6.5
FR;2021-05-31-2021-06-06;79;535;26.3;355;66.4;34;6.4;118;22.1;28;5.2
FR;2021-05-31-2021-06-06;89;345;27.8;227;65.8;21;6.1;74;21.4;23;6.7
FR;2021-05-31-2021-06-06;90;147;27.1;98;66.7;6;4.1;33;22.4;10;6.8
FR;2021-02-12-2021-02-18;0;86432;55;38318;44.3;3925;4.5;7075;8.2;37114;42.9
FR;2021-02-13-2021-02-19;0;90670;56.2;41710;46;4136;4.6;7912;8.7;36912;40.7
FR;2021-02-14-2021-02-20;0;92626;56.6;43429;46.9;4289;4.6;8094;8.7;36814;39.7
FR;2021-02-15-2021-02-21;0;93283;56.8;43919;47.1;4300;4.6;8218;8.8;36846;39.5
FR;2021-02-16-2021-02-22;0;97609;57.7;48057;49.2;4486;4.6;8686;8.9;36380;37.3
FR;2021-02-17-2021-02-23;0;100851;58.4;51389;51;4844;4.8;9016;8.9;35602;35.3
FR;2021-02-18-2021-02-24;0;102936;58.9;54305;52.8;5027;4.9;8969;8.7;34635;33.6
FR;2021-02-19-2021-02-25;0;104315;59.3;56663;54.3;5171;5;9096;8.7;33385;32
FR;2021-02-20-2021-02-26;0;104839;59.6;58650;55.9;5490;5.2;8901;8.5;31798;30.3
FR;2021-02-21-2021-02-27;0;105210;59.7;59578;56.6;5654;5.4;8917;8.5;31061;29.5
FR;2021-02-22-2021-02-28;0;105262;59.7;59755;56.8;5678;5.4;8874;8.4;30955;29.4
FR;2021-02-23-2021-03-01;0;105151;60.2;62036;59;5812;5.5;8662;8.2;28641;27.2
FR;2021-02-24-2021-03-02;0;104595;60.2;63400;60.6;5637;5.4;8656;8.3;26902;25.7
FR;2021-02-25-2021-03-03;0;103951;59.9;64534;62.1;5497;5.3;8673;8.3;25247;24.3
FR;2021-02-26-2021-03-04;0;103514;60;65703;63.5;5393;5.2;8697;8.4;23721;22.9
FR;2021-02-27-2021-03-05;0;103448;59.9;67023;64.8;5134;5;8930;8.6;22361;21.6
FR;2021-02-28-2021-03-06;0;103828;59.7;68088;65.6;5049;4.9;9026;8.7;21665;20.9
FR;2021-03-01-2021-03-07;0;103711;59.7;68216;65.8;5022;4.8;8977;8.7;21496;20.7
FR;2021-03-02-2021-03-08;0;104842;59.8;70484;67.2;4927;4.7;9438;9;19993;19.1
FR;2021-03-03-2021-03-09;0;106109;60;72278;68.1;5017;4.7;9643;9.1;19171;18.1
FR;2021-03-04-2021-03-10;0;108218;60.2;74729;69.1;5277;4.9;9866;9.1;18346;17
FR;2021-03-05-2021-03-11;0;111311;60.4;78049;70.1;5526;5;10234;9.2;17502;15.7
FR;2021-03-06-2021-03-12;0;114799;60.5;81774;71.2;5699;5;10494;9.1;16832;14.7
FR;2021-03-07-2021-03-13;0;116936;60.2;83760;71.6;5825;5;10726;9.2;16625;14.2
FR;2021-03-08-2021-03-14;0;117810;60.2;84517;71.7;5851;5;10865;9.2;16577;14.1
FR;2021-03-09-2021-03-15;0;123690;59.8;90310;73;6134;5;11180;9;16066;13
FR;2021-03-10-2021-03-16;0;128355;59.6;94812;73.9;6375;5;11533;9;15635;12.2
FR;2021-03-11-2021-03-17;0;133019;59.6;99175;74.6;6470;4.9;12076;9.1;15298;11.5
FR;2021-03-12-2021-03-18;0;136553;59.2;102675;75.2;6497;4.8;12423;9.1;14958;11
FR;2021-03-13-2021-03-19;0;140024;58.9;105913;75.6;6549;4.7;12990;9.3;14572;10.4
FR;2021-03-14-2021-03-20;0;141342;58.5;107323;75.9;6555;4.6;13077;9.3;14387;10.2
FR;2021-03-15-2021-03-21;0;141497;58.4;107430;75.9;6539;4.6;13178;9.3;14350;10.1
FR;2021-03-16-2021-03-22;0;144768;57.6;110678;76.5;6618;4.6;13896;9.6;13576;9.4
FR;2021-03-17-2021-03-23;0;149616;57.6;115128;76.9;6698;4.5;14534;9.7;13256;8.9
FR;2021-03-18-2021-03-24;0;153369;57.3;119142;77.7;6765;4.4;14529;9.5;12933;8.4
FR;2021-03-19-2021-03-25;0;154985;56.1;121038;78.1;6785;4.4;14755;9.5;12407;8
FR;2021-03-20-2021-03-26;0;159559;56;125766;78.8;6953;4.4;14726;9.2;12114;7.6
FR;2021-03-21-2021-03-27;0;161826;55.8;128106;79.2;7033;4.3;14778;9.1;11909;7.4
FR;2021-03-22-2021-03-28;0;162079;55.8;128484;79.3;7046;4.3;14708;9.1;11841;7.3
FR;2021-03-23-2021-03-29;0;166699;55.9;133588;80.1;7090;4.3;14446;8.7;11575;6.9
FR;2021-03-24-2021-03-30;0;167330;54.8;134832;80.6;7082;4.2;14180;8.5;11236;6.7
FR;2021-03-25-2021-03-31;0;166625;54;134632;80.8;6994;4.2;14178;8.5;10821;6.5
FR;2021-03-26-2021-04-01;0;167800;54;136183;81.2;6945;4.1;14063;8.4;10609;6.3
FR;2021-03-27-2021-04-02;0;164734;53.3;134143;81.4;6687;4.1;13892;8.4;10012;6.1
FR;2021-03-28-2021-04-03;0;163808;53;133446;81.5;6611;4;13972;8.5;9779;6
FR;2021-03-29-2021-04-04;0;163305;52.9;133023;81.5;6657;4.1;13874;8.5;9751;6
FR;2021-03-30-2021-04-05;0;130467;51.5;106152;81.4;5289;4.1;11359;8.7;7667;5.9
FR;2021-03-31-2021-04-06;0;135641;50.8;110937;81.8;5407;4;11658;8.6;7639;5.6
FR;2021-04-01-2021-04-07;0;136815;51.1;112311;82.1;5380;3.9;11760;8.6;7364;5.4
FR;2021-04-02-2021-04-08;0;136893;51.6;112561;82.2;5373;3.9;11611;8.5;7348;5.4
FR;2021-04-03-2021-04-09;0;136924;51.8;112743;82.3;5309;3.9;11622;8.5;7250;5.3
FR;2021-04-04-2021-04-10;0;136422;51.8;112622;82.6;5215;3.8;11526;8.4;7059;5.2
FR;2021-04-05-2021-04-11;0;136593;51.8;112776;82.6;5187;3.8;11561;8.5;7069;5.2
FR;2021-04-06-2021-04-12;0;162742;52.3;134622;82.7;6215;3.8;13671;8.4;8234;5.1
FR;2021-04-07-2021-04-13;0;152645;53.2;126008;82.5;5920;3.9;13213;8.7;7504;4.9
FR;2021-04-08-2021-04-14;0;146066;52.8;120282;82.3;5782;4;12928;8.9;7074;4.8
FR;2021-04-09-2021-04-15;0;140281;52.1;115528;82.4;5552;4;12776;9.1;6425;4.6
FR;2021-04-10-2021-04-16;0;137193;52.3;113060;82.4;5657;4.1;12548;9.1;5928;4.3
FR;2021-04-11-2021-04-17;0;135803;52.6;111765;82.3;5671;4.2;12574;9.3;5793;4.3
FR;2021-04-12-2021-04-18;0;135599;52.6;111627;82.3;5665;4.2;12566;9.3;5741;4.2
FR;2021-04-13-2021-04-19;0;133303;52.8;109638;82.2;5906;4.4;12363;9.3;5396;4
FR;2021-04-14-2021-04-20;0;131255;52.8;108303;82.5;6012;4.6;11795;9;5145;3.9
FR;2021-04-15-2021-04-21;0;130666;53.2;107933;82.6;6143;4.7;11592;8.9;4998;3.8
FR;2021-04-16-2021-04-22;0;129937;53.7;107150;82.5;6377;4.9;11525;8.9;4885;3.8
FR;2021-04-17-2021-04-23;0;127020;53.5;104610;82.4;6356;5;11320;8.9;4734;3.7
FR;2021-04-18-2021-04-24;0;125484;53.6;103298;82.3;6367;5.1;11173;8.9;4646;3.7
FR;2021-04-19-2021-04-25;0;125001;53.7;102882;82.3;6366;5.1;11144;8.9;4609;3.7
FR;2021-04-20-2021-04-26;0;120583;53.7;99179;82.2;6121;5.1;10943;9.1;4340;3.6
FR;2021-04-21-2021-04-27;0;116525;53.6;95384;81.9;5970;5.1;11080;9.5;4091;3.5
FR;2021-04-22-2021-04-28;0;111943;53.5;91341;81.6;5852;5.2;10899;9.7;3851;3.4
FR;2021-04-23-2021-04-29;0;107803;53.6;87676;81.3;5705;5.3;10756;10;3666;3.4
FR;2021-04-24-2021-04-30;0;104393;53.6;84310;80.8;5659;5.4;10872;10.4;3552;3.4
FR;2021-04-25-2021-05-01;0;96316;54.3;77566;80.5;5300;5.5;10194;10.6;3256;3.4
FR;2021-04-26-2021-05-02;0;96224;54.3;77482;80.5;5332;5.5;10178;10.6;3232;3.4
FR;2021-04-27-2021-05-03;0;94276;55.2;75586;80.2;5269;5.6;10268;10.9;3153;3.3
FR;2021-04-28-2021-05-04;0;92206;56;73691;79.9;5214;5.7;10194;11.1;3107;3.4
FR;2021-04-29-2021-05-05;0;90161;56.8;71817;79.7;5147;5.7;10203;11.3;2994;3.3
FR;2021-04-30-2021-05-06;0;88133;57.5;69950;79.4;5059;5.7;10148;11.5;2976;3.4
FR;2021-05-01-2021-05-07;0;85532;58.3;67673;79.1;4874;5.7;10094;11.8;2891;3.4
FR;2021-05-02-2021-05-08;0;85481;58.2;67614;79.1;4892;5.7;10088;11.8;2887;3.4
FR;2021-05-03-2021-05-09;0;84981;58.3;67203;79.1;4832;5.7;10067;11.8;2879;3.4
FR;2021-05-04-2021-05-10;0;81135;58.5;63460;78.2;4775;5.9;10219;12.6;2681;3.3
FR;2021-05-05-2021-05-11;0;78127;58.4;60827;77.9;4666;6;10102;12.9;2532;3.2
FR;2021-05-06-2021-05-12;0;76626;58.2;59481;77.6;4548;5.9;10104;13.2;2493;3.3
FR;2021-05-07-2021-05-13;0;64700;57.5;50049;77.4;3876;6;8721;13.5;2054;3.2
FR;2021-05-08-2021-05-14;0;63932;57.5;49588;77.6;3857;6;8570;13.4;1917;3
FR;2021-05-09-2021-05-15;0;67408;57.4;52334;77.6;3994;5.9;9070;13.5;2010;3
FR;2021-05-10-2021-05-16;0;67180;57.5;52146;77.6;4018;6;9013;13.4;2003;3
FR;2021-05-11-2021-05-17;0;63767;57.2;49527;77.7;3826;6;8468;13.3;1946;3.1
FR;2021-05-12-2021-05-18;0;62864;57.3;48830;77.7;3760;6;8298;13.2;1976;3.1
FR;2021-05-13-2021-05-19;0;61024;57.4;47423;77.7;3604;5.9;8028;13.2;1969;3.2
FR;2021-05-14-2021-05-20;0;68877;58;53560;77.8;4001;5.8;9037;13.1;2279;3.3
FR;2021-05-15-2021-05-21;0;64588;57.7;50013;77.4;3740;5.8;8612;13.3;2223;3.4
FR;2021-05-16-2021-05-22;0;63533;57.6;49177;77.4;3731;5.9;8400;13.2;2225;3.5
FR;2021-05-17-2021-05-23;0;63171;57.6;48859;77.3;3700;5.9;8380;13.3;2232;3.5
FR;2021-05-18-2021-05-24;0;50034;56.7;38420;76.8;2923;5.8;6837;13.7;1854;3.7
FR;2021-05-19-2021-05-25;0;50417;56.1;38717;76.8;2841;5.6;6964;13.8;1895;3.8
FR;2021-05-20-2021-05-26;0;48703;55.6;37382;76.8;2756;5.7;6697;13.8;1868;3.8
FR;2021-05-21-2021-05-27;0;46745;54.6;35903;76.8;2620;5.6;6431;13.8;1791;3.8
FR;2021-05-22-2021-05-28;0;44013;52.9;33873;77;2471;5.6;5994;13.6;1675;3.8
FR;2021-05-23-2021-05-29;0;42080;51.7;32422;77;2335;5.5;5700;13.5;1623;3.9
FR;2021-05-24-2021-05-30;0;41577;51.3;32073;77.1;2295;5.5;5608;13.5;1601;3.9
FR;2021-05-25-2021-05-31;0;44870;48.9;34602;77.1;2526;5.6;6001;13.4;1741;3.9
FR;2021-05-26-2021-06-01;0;35870;44.5;27443;76.5;2082;5.8;4852;13.5;1493;4.2
FR;2021-05-27-2021-06-02;0;29852;39.9;22608;75.7;1804;6;4123;13.8;1317;4.4
FR;2021-05-28-2021-06-03;0;24337;35;18294;75.2;1530;6.3;3350;13.8;1163;4.8
FR;2021-05-29-2021-06-04;0;19532;30.3;14631;74.9;1252;6.4;2653;13.6;996;5.1
FR;2021-05-30-2021-06-05;0;17354;28.3;12948;74.6;1097;6.3;2380;13.7;929;5.4
FR;2021-05-31-2021-06-06;0;16925;27.9;12627;74.6;1070;6.3;2319;13.7;909;5.4
