epci2020,semaine_glissante,clage_65,ti
200030195,2021-06-15-2021-06-21,0,19.7
200030195,2021-06-15-2021-06-21,65,4.9
200030195,2021-06-16-2021-06-22,0,19.3
200030195,2021-06-16-2021-06-22,65,4.9
200030195,2021-06-17-2021-06-23,0,19
200030195,2021-06-17-2021-06-23,65,4.9
200030195,2021-06-18-2021-06-24,0,19.8
200030195,2021-06-18-2021-06-24,65,3.4
200030195,2021-06-19-2021-06-25,0,19.2
200030195,2021-06-19-2021-06-25,65,4.2
200030195,2021-06-20-2021-06-26,0,17.8
200030195,2021-06-20-2021-06-26,65,4.2
200030195,2021-06-21-2021-06-27,0,18.4
200030195,2021-06-21-2021-06-27,65,5.7
200030195,2021-06-22-2021-06-28,0,20.2
200030195,2021-06-22-2021-06-28,65,6
200030195,2021-06-23-2021-06-29,0,20.3
200030195,2021-06-23-2021-06-29,65,6.8
200030195,2021-06-24-2021-06-30,0,23.4
200030195,2021-06-24-2021-06-30,65,8.3
200030195,2021-06-25-2021-07-01,0,23.9
200030195,2021-06-25-2021-07-01,65,9.1
200030195,2021-06-26-2021-07-02,0,30
200030195,2021-06-26-2021-07-02,65,9.8
200030195,2021-06-27-2021-07-03,0,32.5
200030195,2021-06-27-2021-07-03,65,9.6
200030195,2021-06-28-2021-07-04,0,34.1
200030195,2021-06-28-2021-07-04,65,8.8
200030195,2021-06-29-2021-07-05,0,42.1
200030195,2021-06-29-2021-07-05,65,10.3
200030195,2021-06-30-2021-07-06,0,49.2
200030195,2021-06-30-2021-07-06,65,9.9
200030195,2021-07-01-2021-07-07,0,50.8
200030195,2021-07-01-2021-07-07,65,9.9
200030195,2021-07-02-2021-07-08,0,60.7
200030195,2021-07-02-2021-07-08,65,9.9
200030195,2021-07-03-2021-07-09,0,63
200030195,2021-07-03-2021-07-09,65,10.7
200030195,2021-07-04-2021-07-10,0,66.3
200030195,2021-07-04-2021-07-10,65,12.5
200030195,2021-07-05-2021-07-11,0,73.3
200030195,2021-07-05-2021-07-11,65,11.7
200030195,2021-07-06-2021-07-12,0,83.1
200030195,2021-07-06-2021-07-12,65,13.6
200030195,2021-07-07-2021-07-13,0,93.1
200030195,2021-07-07-2021-07-13,65,14.7
200030195,2021-07-08-2021-07-14,0,98.8
200030195,2021-07-08-2021-07-14,65,14.7
200030195,2021-07-09-2021-07-15,0,136.8
200030195,2021-07-09-2021-07-15,65,22.2
200030195,2021-07-10-2021-07-16,0,171.2
200030195,2021-07-10-2021-07-16,65,25.2
200030195,2021-07-11-2021-07-17,0,200.7
200030195,2021-07-11-2021-07-17,65,28.8
200030195,2021-07-12-2021-07-18,0,205.8
200030195,2021-07-12-2021-07-18,65,29.6
200030195,2021-07-13-2021-07-19,0,267.5
200030195,2021-07-13-2021-07-19,65,37.5
200030195,2021-07-14-2021-07-20,0,329.5
200030195,2021-07-14-2021-07-20,65,45.5
200030195,2021-07-15-2021-07-21,0,421.1
200030195,2021-07-15-2021-07-21,65,62.3
200054807,2021-06-15-2021-06-21,0,21.1
200054807,2021-06-15-2021-06-21,65,10
200054807,2021-06-16-2021-06-22,0,19.5
200054807,2021-06-16-2021-06-22,65,9.4
200054807,2021-06-17-2021-06-23,0,19.5
200054807,2021-06-17-2021-06-23,65,9.9
200054807,2021-06-18-2021-06-24,0,17.4
200054807,2021-06-18-2021-06-24,65,10.7
200054807,2021-06-19-2021-06-25,0,16.3
200054807,2021-06-19-2021-06-25,65,9.4
200054807,2021-06-20-2021-06-26,0,16.1
200054807,2021-06-20-2021-06-26,65,9.2
200054807,2021-06-21-2021-06-27,0,15.7
200054807,2021-06-21-2021-06-27,65,9.2
200054807,2021-06-22-2021-06-28,0,17
200054807,2021-06-22-2021-06-28,65,7.1
200054807,2021-06-23-2021-06-29,0,19.2
200054807,2021-06-23-2021-06-29,65,7.4
200054807,2021-06-24-2021-06-30,0,21.3
200054807,2021-06-24-2021-06-30,65,6.7
200054807,2021-06-25-2021-07-01,0,23
200054807,2021-06-25-2021-07-01,65,6.1
200054807,2021-06-26-2021-07-02,0,26.7
200054807,2021-06-26-2021-07-02,65,6.1
200054807,2021-06-27-2021-07-03,0,28.9
200054807,2021-06-27-2021-07-03,65,6.7
200054807,2021-06-28-2021-07-04,0,30.4
200054807,2021-06-28-2021-07-04,65,6.7
200054807,2021-06-29-2021-07-05,0,33.9
200054807,2021-06-29-2021-07-05,65,9.2
200054807,2021-06-30-2021-07-06,0,37.6
200054807,2021-06-30-2021-07-06,65,9.2
200054807,2021-07-01-2021-07-07,0,42.1
200054807,2021-07-01-2021-07-07,65,10
200054807,2021-07-02-2021-07-08,0,47.7
200054807,2021-07-02-2021-07-08,65,12.8
200054807,2021-07-03-2021-07-09,0,51.7
200054807,2021-07-03-2021-07-09,65,14.5
200054807,2021-07-04-2021-07-10,0,54.9
200054807,2021-07-04-2021-07-10,65,14.8
200054807,2021-07-05-2021-07-11,0,56.7
200054807,2021-07-05-2021-07-11,65,15.6
200054807,2021-07-06-2021-07-12,0,68.4
200054807,2021-07-06-2021-07-12,65,19.4
200054807,2021-07-07-2021-07-13,0,83.6
200054807,2021-07-07-2021-07-13,65,21.7
200054807,2021-07-08-2021-07-14,0,82.8
200054807,2021-07-08-2021-07-14,65,20.5
200054807,2021-07-09-2021-07-15,0,112.1
200054807,2021-07-09-2021-07-15,65,22.5
200054807,2021-07-10-2021-07-16,0,138.8
200054807,2021-07-10-2021-07-16,65,25.5
200054807,2021-07-11-2021-07-17,0,162.5
200054807,2021-07-11-2021-07-17,65,28.6
200054807,2021-07-12-2021-07-18,0,174.9
200054807,2021-07-12-2021-07-18,65,29.6
200054807,2021-07-13-2021-07-19,0,231.5
200054807,2021-07-13-2021-07-19,65,32.6
200054807,2021-07-14-2021-07-20,0,275.4
200054807,2021-07-14-2021-07-20,65,40.3
200054807,2021-07-15-2021-07-21,0,340
200054807,2021-07-15-2021-07-21,65,51.3
242100410,2021-06-15-2021-06-21,0,22
242100410,2021-06-15-2021-06-21,65,5.9
242100410,2021-06-16-2021-06-22,0,18.5
242100410,2021-06-16-2021-06-22,65,5.9
242100410,2021-06-17-2021-06-23,0,13.9
242100410,2021-06-17-2021-06-23,65,5.9
242100410,2021-06-18-2021-06-24,0,16.2
242100410,2021-06-18-2021-06-24,65,3.9
242100410,2021-06-19-2021-06-25,0,14.2
242100410,2021-06-19-2021-06-25,65,0
242100410,2021-06-20-2021-06-26,0,13
242100410,2021-06-20-2021-06-26,65,0
242100410,2021-06-21-2021-06-27,0,12.2
242100410,2021-06-21-2021-06-27,65,0
242100410,2021-06-22-2021-06-28,0,12
242100410,2021-06-22-2021-06-28,65,2
242100410,2021-06-23-2021-06-29,0,12.4
242100410,2021-06-23-2021-06-29,65,2
242100410,2021-06-24-2021-06-30,0,13.2
242100410,2021-06-24-2021-06-30,65,2
242100410,2021-06-25-2021-07-01,0,10.8
242100410,2021-06-25-2021-07-01,65,3.9
242100410,2021-06-26-2021-07-02,0,10
242100410,2021-06-26-2021-07-02,65,7.9
242100410,2021-06-27-2021-07-03,0,10.4
242100410,2021-06-27-2021-07-03,65,7.9
242100410,2021-06-28-2021-07-04,0,10.8
242100410,2021-06-28-2021-07-04,65,7.9
242100410,2021-06-29-2021-07-05,0,14.2
242100410,2021-06-29-2021-07-05,65,7.9
242100410,2021-06-30-2021-07-06,0,15.4
242100410,2021-06-30-2021-07-06,65,7.9
242100410,2021-07-01-2021-07-07,0,16.2
242100410,2021-07-01-2021-07-07,65,7.9
242100410,2021-07-02-2021-07-08,0,21.9
242100410,2021-07-02-2021-07-08,65,7.9
242100410,2021-07-03-2021-07-09,0,24.7
242100410,2021-07-03-2021-07-09,65,5.9
242100410,2021-07-04-2021-07-10,0,28.7
242100410,2021-07-04-2021-07-10,65,5.9
242100410,2021-07-05-2021-07-11,0,28.7
242100410,2021-07-05-2021-07-11,65,5.9
242100410,2021-07-06-2021-07-12,0,31.8
242100410,2021-07-06-2021-07-12,65,3.9
242100410,2021-07-07-2021-07-13,0,33.9
242100410,2021-07-07-2021-07-13,65,5.9
242100410,2021-07-08-2021-07-14,0,33.1
242100410,2021-07-08-2021-07-14,65,5.9
242100410,2021-07-09-2021-07-15,0,40.2
242100410,2021-07-09-2021-07-15,65,5.9
242100410,2021-07-10-2021-07-16,0,52.9
242100410,2021-07-10-2021-07-16,65,7.9
242100410,2021-07-11-2021-07-17,0,54.9
242100410,2021-07-11-2021-07-17,65,7.9
242100410,2021-07-12-2021-07-18,0,59.6
242100410,2021-07-12-2021-07-18,65,7.9
242100410,2021-07-13-2021-07-19,0,73.8
242100410,2021-07-13-2021-07-19,65,7.9
242100410,2021-07-14-2021-07-20,0,83.6
242100410,2021-07-14-2021-07-20,65,9.8
242100410,2021-07-15-2021-07-21,0,102.8
242100410,2021-07-15-2021-07-21,65,13.8
242900314,2021-06-15-2021-06-21,0,48.9
242900314,2021-06-15-2021-06-21,65,5.1
242900314,2021-06-16-2021-06-22,0,41.7
242900314,2021-06-16-2021-06-22,65,3
242900314,2021-06-17-2021-06-23,0,43.3
242900314,2021-06-17-2021-06-23,65,5.5
242900314,2021-06-18-2021-06-24,0,42.3
242900314,2021-06-18-2021-06-24,65,5.5
242900314,2021-06-19-2021-06-25,0,40.4
242900314,2021-06-19-2021-06-25,65,10.6
242900314,2021-06-20-2021-06-26,0,40.4
242900314,2021-06-20-2021-06-26,65,10.6
242900314,2021-06-21-2021-06-27,0,41.9
242900314,2021-06-21-2021-06-27,65,10.6
242900314,2021-06-22-2021-06-28,0,39.5
242900314,2021-06-22-2021-06-28,65,8
242900314,2021-06-23-2021-06-29,0,39.5
242900314,2021-06-23-2021-06-29,65,7.6
242900314,2021-06-24-2021-06-30,0,40
242900314,2021-06-24-2021-06-30,65,15.2
242900314,2021-06-25-2021-07-01,0,36.3
242900314,2021-06-25-2021-07-01,65,15.2
242900314,2021-06-26-2021-07-02,0,32.5
242900314,2021-06-26-2021-07-02,65,10.1
242900314,2021-06-27-2021-07-03,0,31.2
242900314,2021-06-27-2021-07-03,65,10.1
242900314,2021-06-28-2021-07-04,0,29.3
242900314,2021-06-28-2021-07-04,65,10.1
242900314,2021-06-29-2021-07-05,0,27.8
242900314,2021-06-29-2021-07-05,65,10.1
242900314,2021-06-30-2021-07-06,0,27.2
242900314,2021-06-30-2021-07-06,65,10.1
242900314,2021-07-01-2021-07-07,0,21.5
242900314,2021-07-01-2021-07-07,65,5.1
242900314,2021-07-02-2021-07-08,0,20.4
242900314,2021-07-02-2021-07-08,65,5.1
242900314,2021-07-03-2021-07-09,0,25
242900314,2021-07-03-2021-07-09,65,7.6
242900314,2021-07-04-2021-07-10,0,25.6
242900314,2021-07-04-2021-07-10,65,7.6
242900314,2021-07-05-2021-07-11,0,27.3
242900314,2021-07-05-2021-07-11,65,7.6
242900314,2021-07-06-2021-07-12,0,27.9
242900314,2021-07-06-2021-07-12,65,7.6
242900314,2021-07-07-2021-07-13,0,35.5
242900314,2021-07-07-2021-07-13,65,12.6
242900314,2021-07-08-2021-07-14,0,34.5
242900314,2021-07-08-2021-07-14,65,10.1
242900314,2021-07-09-2021-07-15,0,38.1
242900314,2021-07-09-2021-07-15,65,10.1
242900314,2021-07-10-2021-07-16,0,38.5
242900314,2021-07-10-2021-07-16,65,7.6
242900314,2021-07-11-2021-07-17,0,43.7
242900314,2021-07-11-2021-07-17,65,7.6
242900314,2021-07-12-2021-07-18,0,43.3
242900314,2021-07-12-2021-07-18,65,7.6
242900314,2021-07-13-2021-07-19,0,48.7
242900314,2021-07-13-2021-07-19,65,10.1
242900314,2021-07-14-2021-07-20,0,51.1
242900314,2021-07-14-2021-07-20,65,12.6
242900314,2021-07-15-2021-07-21,0,59.8
242900314,2021-07-15-2021-07-21,65,12.6
243100518,2021-06-15-2021-06-21,0,41.8
243100518,2021-06-15-2021-06-21,65,14.9
243100518,2021-06-16-2021-06-22,0,39.4
243100518,2021-06-16-2021-06-22,65,12.4
243100518,2021-06-17-2021-06-23,0,37.9
243100518,2021-06-17-2021-06-23,65,11.6
243100518,2021-06-18-2021-06-24,0,36.1
243100518,2021-06-18-2021-06-24,65,10.8
243100518,2021-06-19-2021-06-25,0,34
243100518,2021-06-19-2021-06-25,65,6.6
243100518,2021-06-20-2021-06-26,0,33
243100518,2021-06-20-2021-06-26,65,6.6
243100518,2021-06-21-2021-06-27,0,32.8
243100518,2021-06-21-2021-06-27,65,6.6
243100518,2021-06-22-2021-06-28,0,32.2
243100518,2021-06-22-2021-06-28,65,7.4
243100518,2021-06-23-2021-06-29,0,31.9
243100518,2021-06-23-2021-06-29,65,6.2
243100518,2021-06-24-2021-06-30,0,35.9
243100518,2021-06-24-2021-06-30,65,7.9
243100518,2021-06-25-2021-07-01,0,39
243100518,2021-06-25-2021-07-01,65,8.7
243100518,2021-06-26-2021-07-02,0,42
243100518,2021-06-26-2021-07-02,65,8.7
243100518,2021-06-27-2021-07-03,0,44.2
243100518,2021-06-27-2021-07-03,65,7
243100518,2021-06-28-2021-07-04,0,46.2
243100518,2021-06-28-2021-07-04,65,7.5
243100518,2021-06-29-2021-07-05,0,49.7
243100518,2021-06-29-2021-07-05,65,11.6
243100518,2021-06-30-2021-07-06,0,56.9
243100518,2021-06-30-2021-07-06,65,11.2
243100518,2021-07-01-2021-07-07,0,64.7
243100518,2021-07-01-2021-07-07,65,14.5
243100518,2021-07-02-2021-07-08,0,73.7
243100518,2021-07-02-2021-07-08,65,16.1
243100518,2021-07-03-2021-07-09,0,81.7
243100518,2021-07-03-2021-07-09,65,17
243100518,2021-07-04-2021-07-10,0,89.2
243100518,2021-07-04-2021-07-10,65,20.3
243100518,2021-07-05-2021-07-11,0,91.4
243100518,2021-07-05-2021-07-11,65,19.9
243100518,2021-07-06-2021-07-12,0,106.5
243100518,2021-07-06-2021-07-12,65,17.4
243100518,2021-07-07-2021-07-13,0,121.6
243100518,2021-07-07-2021-07-13,65,22.6
243100518,2021-07-08-2021-07-14,0,117.4
243100518,2021-07-08-2021-07-14,65,18.5
243100518,2021-07-09-2021-07-15,0,150.8
243100518,2021-07-09-2021-07-15,65,23.2
243100518,2021-07-10-2021-07-16,0,178.3
243100518,2021-07-10-2021-07-16,65,25.7
243100518,2021-07-11-2021-07-17,0,201.9
243100518,2021-07-11-2021-07-17,65,26.7
243100518,2021-07-12-2021-07-18,0,214.5
243100518,2021-07-12-2021-07-18,65,28.7
243100518,2021-07-13-2021-07-19,0,273.5
243100518,2021-07-13-2021-07-19,65,34.5
243100518,2021-07-14-2021-07-20,0,335.2
243100518,2021-07-14-2021-07-20,65,41.7
243100518,2021-07-15-2021-07-21,0,421.7
243100518,2021-07-15-2021-07-21,65,52.3
243300316,2021-06-15-2021-06-21,0,27.4
243300316,2021-06-15-2021-06-21,65,6.1
243300316,2021-06-16-2021-06-22,0,25.9
243300316,2021-06-16-2021-06-22,65,6.8
243300316,2021-06-17-2021-06-23,0,25.6
243300316,2021-06-17-2021-06-23,65,6
243300316,2021-06-18-2021-06-24,0,25.6
243300316,2021-06-18-2021-06-24,65,5.3
243300316,2021-06-19-2021-06-25,0,24.5
243300316,2021-06-19-2021-06-25,65,5.3
243300316,2021-06-20-2021-06-26,0,25.4
243300316,2021-06-20-2021-06-26,65,5.3
243300316,2021-06-21-2021-06-27,0,25.3
243300316,2021-06-21-2021-06-27,65,5.3
243300316,2021-06-22-2021-06-28,0,27.3
243300316,2021-06-22-2021-06-28,65,5.7
243300316,2021-06-23-2021-06-29,0,28.1
243300316,2021-06-23-2021-06-29,65,5.7
243300316,2021-06-24-2021-06-30,0,30.3
243300316,2021-06-24-2021-06-30,65,6.5
243300316,2021-06-25-2021-07-01,0,31.7
243300316,2021-06-25-2021-07-01,65,6.5
243300316,2021-06-26-2021-07-02,0,36.3
243300316,2021-06-26-2021-07-02,65,5.8
243300316,2021-06-27-2021-07-03,0,38.4
243300316,2021-06-27-2021-07-03,65,5.8
243300316,2021-06-28-2021-07-04,0,40.2
243300316,2021-06-28-2021-07-04,65,5.8
243300316,2021-06-29-2021-07-05,0,41.2
243300316,2021-06-29-2021-07-05,65,5.8
243300316,2021-06-30-2021-07-06,0,43.5
243300316,2021-06-30-2021-07-06,65,5.8
243300316,2021-07-01-2021-07-07,0,46.2
243300316,2021-07-01-2021-07-07,65,5.5
243300316,2021-07-02-2021-07-08,0,50.1
243300316,2021-07-02-2021-07-08,65,6.2
243300316,2021-07-03-2021-07-09,0,50.4
243300316,2021-07-03-2021-07-09,65,6.2
243300316,2021-07-04-2021-07-10,0,52
243300316,2021-07-04-2021-07-10,65,6.2
243300316,2021-07-05-2021-07-11,0,52.3
243300316,2021-07-05-2021-07-11,65,6.2
243300316,2021-07-06-2021-07-12,0,63.1
243300316,2021-07-06-2021-07-12,65,7.6
243300316,2021-07-07-2021-07-13,0,81.6
243300316,2021-07-07-2021-07-13,65,9.8
243300316,2021-07-08-2021-07-14,0,78.8
243300316,2021-07-08-2021-07-14,65,8.7
243300316,2021-07-09-2021-07-15,0,109.2
243300316,2021-07-09-2021-07-15,65,10.9
243300316,2021-07-10-2021-07-16,0,143.1
243300316,2021-07-10-2021-07-16,65,16.9
243300316,2021-07-11-2021-07-17,0,169.1
243300316,2021-07-11-2021-07-17,65,19.1
243300316,2021-07-12-2021-07-18,0,174.7
243300316,2021-07-12-2021-07-18,65,20.9
243300316,2021-07-13-2021-07-19,0,230.1
243300316,2021-07-13-2021-07-19,65,25.7
243300316,2021-07-14-2021-07-20,0,271.8
243300316,2021-07-14-2021-07-20,65,28.6
243300316,2021-07-15-2021-07-21,0,340.1
243300316,2021-07-15-2021-07-21,65,34.7
243400017,2021-06-15-2021-06-21,0,25.2
243400017,2021-06-15-2021-06-21,65,7.2
243400017,2021-06-16-2021-06-22,0,22.6
243400017,2021-06-16-2021-06-22,65,8.4
243400017,2021-06-17-2021-06-23,0,19.5
243400017,2021-06-17-2021-06-23,65,8.4
243400017,2021-06-18-2021-06-24,0,17.9
243400017,2021-06-18-2021-06-24,65,6
243400017,2021-06-19-2021-06-25,0,18.1
243400017,2021-06-19-2021-06-25,65,6
243400017,2021-06-20-2021-06-26,0,16.7
243400017,2021-06-20-2021-06-26,65,6
243400017,2021-06-21-2021-06-27,0,17.2
243400017,2021-06-21-2021-06-27,65,6
243400017,2021-06-22-2021-06-28,0,19.9
243400017,2021-06-22-2021-06-28,65,3.6
243400017,2021-06-23-2021-06-29,0,23.1
243400017,2021-06-23-2021-06-29,65,3.6
243400017,2021-06-24-2021-06-30,0,26.7
243400017,2021-06-24-2021-06-30,65,3.6
243400017,2021-06-25-2021-07-01,0,27.6
243400017,2021-06-25-2021-07-01,65,3.6
243400017,2021-06-26-2021-07-02,0,32.1
243400017,2021-06-26-2021-07-02,65,3.6
243400017,2021-06-27-2021-07-03,0,36
243400017,2021-06-27-2021-07-03,65,3.6
243400017,2021-06-28-2021-07-04,0,35.6
243400017,2021-06-28-2021-07-04,65,3.6
243400017,2021-06-29-2021-07-05,0,43.4
243400017,2021-06-29-2021-07-05,65,7.2
243400017,2021-06-30-2021-07-06,0,49.4
243400017,2021-06-30-2021-07-06,65,10.9
243400017,2021-07-01-2021-07-07,0,58.2
243400017,2021-07-01-2021-07-07,65,16.1
243400017,2021-07-02-2021-07-08,0,70.5
243400017,2021-07-02-2021-07-08,65,16.1
243400017,2021-07-03-2021-07-09,0,81.4
243400017,2021-07-03-2021-07-09,65,17.3
243400017,2021-07-04-2021-07-10,0,89
243400017,2021-07-04-2021-07-10,65,20.1
243400017,2021-07-05-2021-07-11,0,93
243400017,2021-07-05-2021-07-11,65,21.3
243400017,2021-07-06-2021-07-12,0,116.2
243400017,2021-07-06-2021-07-12,65,21.3
243400017,2021-07-07-2021-07-13,0,148.5
243400017,2021-07-07-2021-07-13,65,22.2
243400017,2021-07-08-2021-07-14,0,146.7
243400017,2021-07-08-2021-07-14,65,19.4
243400017,2021-07-09-2021-07-15,0,195.1
243400017,2021-07-09-2021-07-15,65,30.7
243400017,2021-07-10-2021-07-16,0,233.5
243400017,2021-07-10-2021-07-16,65,41
243400017,2021-07-11-2021-07-17,0,265.6
243400017,2021-07-11-2021-07-17,65,44.2
243400017,2021-07-12-2021-07-18,0,273.1
243400017,2021-07-12-2021-07-18,65,44.5
243400017,2021-07-13-2021-07-19,0,344.7
243400017,2021-07-13-2021-07-19,65,56.4
243400017,2021-07-14-2021-07-20,0,402.4
243400017,2021-07-14-2021-07-20,65,67.9
243400017,2021-07-15-2021-07-21,0,497
243400017,2021-07-15-2021-07-21,65,75.2
243500139,2021-06-15-2021-06-21,0,15.1
243500139,2021-06-15-2021-06-21,65,5.5
243500139,2021-06-16-2021-06-22,0,15.8
243500139,2021-06-16-2021-06-22,65,7.4
243500139,2021-06-17-2021-06-23,0,16
243500139,2021-06-17-2021-06-23,65,7.4
243500139,2021-06-18-2021-06-24,0,17.7
243500139,2021-06-18-2021-06-24,65,7.4
243500139,2021-06-19-2021-06-25,0,19.5
243500139,2021-06-19-2021-06-25,65,8.8
243500139,2021-06-20-2021-06-26,0,19.7
243500139,2021-06-20-2021-06-26,65,8.8
243500139,2021-06-21-2021-06-27,0,20.5
243500139,2021-06-21-2021-06-27,65,8.8
243500139,2021-06-22-2021-06-28,0,20.9
243500139,2021-06-22-2021-06-28,65,6.1
243500139,2021-06-23-2021-06-29,0,22.8
243500139,2021-06-23-2021-06-29,65,4.2
243500139,2021-06-24-2021-06-30,0,24.9
243500139,2021-06-24-2021-06-30,65,4.2
243500139,2021-06-25-2021-07-01,0,29.5
243500139,2021-06-25-2021-07-01,65,8.3
243500139,2021-06-26-2021-07-02,0,30.8
243500139,2021-06-26-2021-07-02,65,6.9
243500139,2021-06-27-2021-07-03,0,34.4
243500139,2021-06-27-2021-07-03,65,8.3
243500139,2021-06-28-2021-07-04,0,34.1
243500139,2021-06-28-2021-07-04,65,8.3
243500139,2021-06-29-2021-07-05,0,38.8
243500139,2021-06-29-2021-07-05,65,8.3
243500139,2021-06-30-2021-07-06,0,39.2
243500139,2021-06-30-2021-07-06,65,13.8
243500139,2021-07-01-2021-07-07,0,43.8
243500139,2021-07-01-2021-07-07,65,18
243500139,2021-07-02-2021-07-08,0,45.2
243500139,2021-07-02-2021-07-08,65,17.1
243500139,2021-07-03-2021-07-09,0,49.1
243500139,2021-07-03-2021-07-09,65,21.3
243500139,2021-07-04-2021-07-10,0,48
243500139,2021-07-04-2021-07-10,65,18.5
243500139,2021-07-05-2021-07-11,0,49.4
243500139,2021-07-05-2021-07-11,65,18.5
243500139,2021-07-06-2021-07-12,0,50.3
243500139,2021-07-06-2021-07-12,65,19.9
243500139,2021-07-07-2021-07-13,0,54.9
243500139,2021-07-07-2021-07-13,65,17.1
243500139,2021-07-08-2021-07-14,0,49.2
243500139,2021-07-08-2021-07-14,65,13
243500139,2021-07-09-2021-07-15,0,52.2
243500139,2021-07-09-2021-07-15,65,11.6
243500139,2021-07-10-2021-07-16,0,58.6
243500139,2021-07-10-2021-07-16,65,11.2
243500139,2021-07-11-2021-07-17,0,66.7
243500139,2021-07-11-2021-07-17,65,15.3
243500139,2021-07-12-2021-07-18,0,67.3
243500139,2021-07-12-2021-07-18,65,16.9
243500139,2021-07-13-2021-07-19,0,83.5
243500139,2021-07-13-2021-07-19,65,18.7
243500139,2021-07-14-2021-07-20,0,95.4
243500139,2021-07-14-2021-07-20,65,21.4
243500139,2021-07-15-2021-07-21,0,117.5
243500139,2021-07-15-2021-07-21,65,21.4
243700754,2021-06-15-2021-06-21,0,17.2
243700754,2021-06-15-2021-06-21,65,6.3
243700754,2021-06-16-2021-06-22,0,16.2
243700754,2021-06-16-2021-06-22,65,4.7
243700754,2021-06-17-2021-06-23,0,17.6
243700754,2021-06-17-2021-06-23,65,6.3
243700754,2021-06-18-2021-06-24,0,17
243700754,2021-06-18-2021-06-24,65,7.9
243700754,2021-06-19-2021-06-25,0,14.3
243700754,2021-06-19-2021-06-25,65,4.7
243700754,2021-06-20-2021-06-26,0,14
243700754,2021-06-20-2021-06-26,65,3.2
243700754,2021-06-21-2021-06-27,0,14.6
243700754,2021-06-21-2021-06-27,65,4.7
243700754,2021-06-22-2021-06-28,0,17.4
243700754,2021-06-22-2021-06-28,65,7.9
243700754,2021-06-23-2021-06-29,0,19
243700754,2021-06-23-2021-06-29,65,7.9
243700754,2021-06-24-2021-06-30,0,18
243700754,2021-06-24-2021-06-30,65,7.9
243700754,2021-06-25-2021-07-01,0,17.9
243700754,2021-06-25-2021-07-01,65,7.9
243700754,2021-06-26-2021-07-02,0,19
243700754,2021-06-26-2021-07-02,65,11.8
243700754,2021-06-27-2021-07-03,0,18.7
243700754,2021-06-27-2021-07-03,65,15
243700754,2021-06-28-2021-07-04,0,18
243700754,2021-06-28-2021-07-04,65,13.4
243700754,2021-06-29-2021-07-05,0,15.1
243700754,2021-06-29-2021-07-05,65,11.8
243700754,2021-06-30-2021-07-06,0,14.7
243700754,2021-06-30-2021-07-06,65,15
243700754,2021-07-01-2021-07-07,0,15
243700754,2021-07-01-2021-07-07,65,13.4
243700754,2021-07-02-2021-07-08,0,15
243700754,2021-07-02-2021-07-08,65,15
243700754,2021-07-03-2021-07-09,0,19.7
243700754,2021-07-03-2021-07-09,65,15.8
243700754,2021-07-04-2021-07-10,0,21
243700754,2021-07-04-2021-07-10,65,12.6
243700754,2021-07-05-2021-07-11,0,22.1
243700754,2021-07-05-2021-07-11,65,12.6
243700754,2021-07-06-2021-07-12,0,26
243700754,2021-07-06-2021-07-12,65,12.6
243700754,2021-07-07-2021-07-13,0,30.8
243700754,2021-07-07-2021-07-13,65,14.2
243700754,2021-07-08-2021-07-14,0,30.1
243700754,2021-07-08-2021-07-14,65,15.8
243700754,2021-07-09-2021-07-15,0,42.3
243700754,2021-07-09-2021-07-15,65,14.2
243700754,2021-07-10-2021-07-16,0,43.9
243700754,2021-07-10-2021-07-16,65,11.1
243700754,2021-07-11-2021-07-17,0,46.6
243700754,2021-07-11-2021-07-17,65,12.6
243700754,2021-07-12-2021-07-18,0,45.2
243700754,2021-07-12-2021-07-18,65,12.6
243700754,2021-07-13-2021-07-19,0,52.5
243700754,2021-07-13-2021-07-19,65,15.5
243700754,2021-07-14-2021-07-20,0,56.3
243700754,2021-07-14-2021-07-20,65,10.8
243700754,2021-07-15-2021-07-21,0,67.7
243700754,2021-07-15-2021-07-21,65,10.8
200040715,2021-06-15-2021-06-21,0,13
200040715,2021-06-15-2021-06-21,65,4
200040715,2021-06-16-2021-06-22,0,12.7
200040715,2021-06-16-2021-06-22,65,4
200040715,2021-06-17-2021-06-23,0,13.4
200040715,2021-06-17-2021-06-23,65,6.4
200040715,2021-06-18-2021-06-24,0,12.3
200040715,2021-06-18-2021-06-24,65,8.3
200040715,2021-06-19-2021-06-25,0,11.7
200040715,2021-06-19-2021-06-25,65,9.5
200040715,2021-06-20-2021-06-26,0,10.8
200040715,2021-06-20-2021-06-26,65,11.9
200040715,2021-06-21-2021-06-27,0,10.2
200040715,2021-06-21-2021-06-27,65,11.9
200040715,2021-06-22-2021-06-28,0,11.2
200040715,2021-06-22-2021-06-28,65,11.9
200040715,2021-06-23-2021-06-29,0,11.4
200040715,2021-06-23-2021-06-29,65,11.9
200040715,2021-06-24-2021-06-30,0,11.2
200040715,2021-06-24-2021-06-30,65,8.3
200040715,2021-06-25-2021-07-01,0,12.4
200040715,2021-06-25-2021-07-01,65,6
200040715,2021-06-26-2021-07-02,0,15
200040715,2021-06-26-2021-07-02,65,8.3
200040715,2021-06-27-2021-07-03,0,17.4
200040715,2021-06-27-2021-07-03,65,6
200040715,2021-06-28-2021-07-04,0,17.1
200040715,2021-06-28-2021-07-04,65,4.8
200040715,2021-06-29-2021-07-05,0,22.5
200040715,2021-06-29-2021-07-05,65,7.2
200040715,2021-06-30-2021-07-06,0,25.2
200040715,2021-06-30-2021-07-06,65,9.5
200040715,2021-07-01-2021-07-07,0,28.8
200040715,2021-07-01-2021-07-07,65,13.1
200040715,2021-07-02-2021-07-08,0,32.4
200040715,2021-07-02-2021-07-08,65,16.7
200040715,2021-07-03-2021-07-09,0,35.5
200040715,2021-07-03-2021-07-09,65,14.3
200040715,2021-07-04-2021-07-10,0,35.7
200040715,2021-07-04-2021-07-10,65,14.3
200040715,2021-07-05-2021-07-11,0,37.7
200040715,2021-07-05-2021-07-11,65,14.3
200040715,2021-07-06-2021-07-12,0,41.1
200040715,2021-07-06-2021-07-12,65,13.1
200040715,2021-07-07-2021-07-13,0,50.1
200040715,2021-07-07-2021-07-13,65,19.1
200040715,2021-07-08-2021-07-14,0,46.9
200040715,2021-07-08-2021-07-14,65,15.5
200040715,2021-07-09-2021-07-15,0,54.1
200040715,2021-07-09-2021-07-15,65,15.5
200040715,2021-07-10-2021-07-16,0,60.8
200040715,2021-07-10-2021-07-16,65,20.3
200040715,2021-07-11-2021-07-17,0,70.6
200040715,2021-07-11-2021-07-17,65,22.5
200040715,2021-07-12-2021-07-18,0,70.5
200040715,2021-07-12-2021-07-18,65,21.3
200040715,2021-07-13-2021-07-19,0,85.4
200040715,2021-07-13-2021-07-19,65,22.5
200040715,2021-07-14-2021-07-20,0,100.5
200040715,2021-07-14-2021-07-20,65,21.3
200040715,2021-07-15-2021-07-21,0,123.9
200040715,2021-07-15-2021-07-21,65,24.4
244200770,2021-06-15-2021-06-21,0,30.4
244200770,2021-06-15-2021-06-21,65,16.9
244200770,2021-06-16-2021-06-22,0,29
244200770,2021-06-16-2021-06-22,65,16.9
244200770,2021-06-17-2021-06-23,0,24.6
244200770,2021-06-17-2021-06-23,65,10.1
244200770,2021-06-18-2021-06-24,0,22.6
244200770,2021-06-18-2021-06-24,65,7.9
244200770,2021-06-19-2021-06-25,0,22.6
244200770,2021-06-19-2021-06-25,65,6.8
244200770,2021-06-20-2021-06-26,0,22.4
244200770,2021-06-20-2021-06-26,65,7.9
244200770,2021-06-21-2021-06-27,0,21.9
244200770,2021-06-21-2021-06-27,65,7.9
244200770,2021-06-22-2021-06-28,0,17.8
244200770,2021-06-22-2021-06-28,65,6.8
244200770,2021-06-23-2021-06-29,0,16
244200770,2021-06-23-2021-06-29,65,4.5
244200770,2021-06-24-2021-06-30,0,16.7
244200770,2021-06-24-2021-06-30,65,6.8
244200770,2021-06-25-2021-07-01,0,18.9
244200770,2021-06-25-2021-07-01,65,7.9
244200770,2021-06-26-2021-07-02,0,15.7
244200770,2021-06-26-2021-07-02,65,5.6
244200770,2021-06-27-2021-07-03,0,14.9
244200770,2021-06-27-2021-07-03,65,4.5
244200770,2021-06-28-2021-07-04,0,15.7
244200770,2021-06-28-2021-07-04,65,4.5
244200770,2021-06-29-2021-07-05,0,14.9
244200770,2021-06-29-2021-07-05,65,3.4
244200770,2021-06-30-2021-07-06,0,16.3
244200770,2021-06-30-2021-07-06,65,3.4
244200770,2021-07-01-2021-07-07,0,16.5
244200770,2021-07-01-2021-07-07,65,3.4
244200770,2021-07-02-2021-07-08,0,15.1
244200770,2021-07-02-2021-07-08,65,2.3
244200770,2021-07-03-2021-07-09,0,15.5
244200770,2021-07-03-2021-07-09,65,5.6
244200770,2021-07-04-2021-07-10,0,16
244200770,2021-07-04-2021-07-10,65,6.8
244200770,2021-07-05-2021-07-11,0,15.5
244200770,2021-07-05-2021-07-11,65,6.8
244200770,2021-07-06-2021-07-12,0,17.5
244200770,2021-07-06-2021-07-12,65,9
244200770,2021-07-07-2021-07-13,0,21.1
244200770,2021-07-07-2021-07-13,65,10.2
244200770,2021-07-08-2021-07-14,0,20.7
244200770,2021-07-08-2021-07-14,65,7.9
244200770,2021-07-09-2021-07-15,0,25.5
244200770,2021-07-09-2021-07-15,65,7.9
244200770,2021-07-10-2021-07-16,0,31.2
244200770,2021-07-10-2021-07-16,65,4.5
244200770,2021-07-11-2021-07-17,0,38.1
244200770,2021-07-11-2021-07-17,65,4.5
244200770,2021-07-12-2021-07-18,0,40.3
244200770,2021-07-12-2021-07-18,65,4.5
244200770,2021-07-13-2021-07-19,0,57.7
244200770,2021-07-13-2021-07-19,65,7.9
244200770,2021-07-14-2021-07-20,0,71.8
244200770,2021-07-14-2021-07-20,65,11.3
244200770,2021-07-15-2021-07-21,0,91.2
244200770,2021-07-15-2021-07-21,65,18
244400404,2021-06-15-2021-06-21,0,20.7
244400404,2021-06-15-2021-06-21,65,8.4
244400404,2021-06-16-2021-06-22,0,19.7
244400404,2021-06-16-2021-06-22,65,9.3
244400404,2021-06-17-2021-06-23,0,18.7
244400404,2021-06-17-2021-06-23,65,11.9
244400404,2021-06-18-2021-06-24,0,16.6
244400404,2021-06-18-2021-06-24,65,11.9
244400404,2021-06-19-2021-06-25,0,13.7
244400404,2021-06-19-2021-06-25,65,9.7
244400404,2021-06-20-2021-06-26,0,13.9
244400404,2021-06-20-2021-06-26,65,10.5
244400404,2021-06-21-2021-06-27,0,13.6
244400404,2021-06-21-2021-06-27,65,10.5
244400404,2021-06-22-2021-06-28,0,14.7
244400404,2021-06-22-2021-06-28,65,7.5
244400404,2021-06-23-2021-06-29,0,13.8
244400404,2021-06-23-2021-06-29,65,5.7
244400404,2021-06-24-2021-06-30,0,14.3
244400404,2021-06-24-2021-06-30,65,2.5
244400404,2021-06-25-2021-07-01,0,15
244400404,2021-06-25-2021-07-01,65,2.5
244400404,2021-06-26-2021-07-02,0,16.5
244400404,2021-06-26-2021-07-02,65,2.1
244400404,2021-06-27-2021-07-03,0,17.8
244400404,2021-06-27-2021-07-03,65,0.4
244400404,2021-06-28-2021-07-04,0,18.6
244400404,2021-06-28-2021-07-04,65,0.4
244400404,2021-06-29-2021-07-05,0,21
244400404,2021-06-29-2021-07-05,65,0.4
244400404,2021-06-30-2021-07-06,0,23.9
244400404,2021-06-30-2021-07-06,65,0.4
244400404,2021-07-01-2021-07-07,0,28.8
244400404,2021-07-01-2021-07-07,65,0
244400404,2021-07-02-2021-07-08,0,35.5
244400404,2021-07-02-2021-07-08,65,0.9
244400404,2021-07-03-2021-07-09,0,40.3
244400404,2021-07-03-2021-07-09,65,0.9
244400404,2021-07-04-2021-07-10,0,45.1
244400404,2021-07-04-2021-07-10,65,0.9
244400404,2021-07-05-2021-07-11,0,46.1
244400404,2021-07-05-2021-07-11,65,1.8
244400404,2021-07-06-2021-07-12,0,51.7
244400404,2021-07-06-2021-07-12,65,4
244400404,2021-07-07-2021-07-13,0,60.7
244400404,2021-07-07-2021-07-13,65,6.4
244400404,2021-07-08-2021-07-14,0,57.6
244400404,2021-07-08-2021-07-14,65,7
244400404,2021-07-09-2021-07-15,0,68.2
244400404,2021-07-09-2021-07-15,65,8.8
244400404,2021-07-10-2021-07-16,0,80.1
244400404,2021-07-10-2021-07-16,65,12.4
244400404,2021-07-11-2021-07-17,0,88
244400404,2021-07-11-2021-07-17,65,15.6
244400404,2021-07-12-2021-07-18,0,92.1
244400404,2021-07-12-2021-07-18,65,14.7
244400404,2021-07-13-2021-07-19,0,109.7
244400404,2021-07-13-2021-07-19,65,20.1
244400404,2021-07-14-2021-07-20,0,124
244400404,2021-07-14-2021-07-20,65,21.3
244400404,2021-07-15-2021-07-21,0,149.3
244400404,2021-07-15-2021-07-21,65,24.7
244500468,2021-06-15-2021-06-21,0,29
244500468,2021-06-15-2021-06-21,65,10.3
244500468,2021-06-16-2021-06-22,0,26.8
244500468,2021-06-16-2021-06-22,65,8.4
244500468,2021-06-17-2021-06-23,0,29.9
244500468,2021-06-17-2021-06-23,65,10.3
244500468,2021-06-18-2021-06-24,0,27.1
244500468,2021-06-18-2021-06-24,65,10.3
244500468,2021-06-19-2021-06-25,0,26.9
244500468,2021-06-19-2021-06-25,65,10.3
244500468,2021-06-20-2021-06-26,0,28.6
244500468,2021-06-20-2021-06-26,65,9.6
244500468,2021-06-21-2021-06-27,0,28.6
244500468,2021-06-21-2021-06-27,65,7.7
244500468,2021-06-22-2021-06-28,0,26.2
244500468,2021-06-22-2021-06-28,65,9.6
244500468,2021-06-23-2021-06-29,0,28.6
244500468,2021-06-23-2021-06-29,65,13.4
244500468,2021-06-24-2021-06-30,0,27.6
244500468,2021-06-24-2021-06-30,65,11.5
244500468,2021-06-25-2021-07-01,0,27.6
244500468,2021-06-25-2021-07-01,65,9.6
244500468,2021-06-26-2021-07-02,0,30
244500468,2021-06-26-2021-07-02,65,17.3
244500468,2021-06-27-2021-07-03,0,27.4
244500468,2021-06-27-2021-07-03,65,17.3
244500468,2021-06-28-2021-07-04,0,26.7
244500468,2021-06-28-2021-07-04,65,17.3
244500468,2021-06-29-2021-07-05,0,25.9
244500468,2021-06-29-2021-07-05,65,15.4
244500468,2021-06-30-2021-07-06,0,27.2
244500468,2021-06-30-2021-07-06,65,15.4
244500468,2021-07-01-2021-07-07,0,26.5
244500468,2021-07-01-2021-07-07,65,15.4
244500468,2021-07-02-2021-07-08,0,27.4
244500468,2021-07-02-2021-07-08,65,15.4
244500468,2021-07-03-2021-07-09,0,29.3
244500468,2021-07-03-2021-07-09,65,9.6
244500468,2021-07-04-2021-07-10,0,31.4
244500468,2021-07-04-2021-07-10,65,9.6
244500468,2021-07-05-2021-07-11,0,33.3
244500468,2021-07-05-2021-07-11,65,9.6
244500468,2021-07-06-2021-07-12,0,37.3
244500468,2021-07-06-2021-07-12,65,9.6
244500468,2021-07-07-2021-07-13,0,42.7
244500468,2021-07-07-2021-07-13,65,7.7
244500468,2021-07-08-2021-07-14,0,39.2
244500468,2021-07-08-2021-07-14,65,7.7
244500468,2021-07-09-2021-07-15,0,48.2
244500468,2021-07-09-2021-07-15,65,9.6
244500468,2021-07-10-2021-07-16,0,50.4
244500468,2021-07-10-2021-07-16,65,9.6
244500468,2021-07-11-2021-07-17,0,49.7
244500468,2021-07-11-2021-07-17,65,9.6
244500468,2021-07-12-2021-07-18,0,50.1
244500468,2021-07-12-2021-07-18,65,9.6
244500468,2021-07-13-2021-07-19,0,56.8
244500468,2021-07-13-2021-07-19,65,13.4
244500468,2021-07-14-2021-07-20,0,52.1
244500468,2021-07-14-2021-07-20,65,15.4
244500468,2021-07-15-2021-07-21,0,67.1
244500468,2021-07-15-2021-07-21,65,21.1
245400676,2021-06-15-2021-06-21,0,17.2
245400676,2021-06-15-2021-06-21,65,2.1
245400676,2021-06-16-2021-06-22,0,15.4
245400676,2021-06-16-2021-06-22,65,4.8
245400676,2021-06-17-2021-06-23,0,12.9
245400676,2021-06-17-2021-06-23,65,3.4
245400676,2021-06-18-2021-06-24,0,13.4
245400676,2021-06-18-2021-06-24,65,3.4
245400676,2021-06-19-2021-06-25,0,13
245400676,2021-06-19-2021-06-25,65,7.6
245400676,2021-06-20-2021-06-26,0,11.1
245400676,2021-06-20-2021-06-26,65,7.6
245400676,2021-06-21-2021-06-27,0,11.5
245400676,2021-06-21-2021-06-27,65,7.6
245400676,2021-06-22-2021-06-28,0,11.3
245400676,2021-06-22-2021-06-28,65,9
245400676,2021-06-23-2021-06-29,0,11.2
245400676,2021-06-23-2021-06-29,65,6.2
245400676,2021-06-24-2021-06-30,0,13.4
245400676,2021-06-24-2021-06-30,65,12.5
245400676,2021-06-25-2021-07-01,0,11.7
245400676,2021-06-25-2021-07-01,65,12.5
245400676,2021-06-26-2021-07-02,0,11.1
245400676,2021-06-26-2021-07-02,65,9
245400676,2021-06-27-2021-07-03,0,11.6
245400676,2021-06-27-2021-07-03,65,11.7
245400676,2021-06-28-2021-07-04,0,11.2
245400676,2021-06-28-2021-07-04,65,11.7
245400676,2021-06-29-2021-07-05,0,12.5
245400676,2021-06-29-2021-07-05,65,11.7
245400676,2021-06-30-2021-07-06,0,15.3
245400676,2021-06-30-2021-07-06,65,13.8
245400676,2021-07-01-2021-07-07,0,17.6
245400676,2021-07-01-2021-07-07,65,9.7
245400676,2021-07-02-2021-07-08,0,19.2
245400676,2021-07-02-2021-07-08,65,9.7
245400676,2021-07-03-2021-07-09,0,22.3
245400676,2021-07-03-2021-07-09,65,9.7
245400676,2021-07-04-2021-07-10,0,25.7
245400676,2021-07-04-2021-07-10,65,9
245400676,2021-07-05-2021-07-11,0,27.3
245400676,2021-07-05-2021-07-11,65,9
245400676,2021-07-06-2021-07-12,0,32.8
245400676,2021-07-06-2021-07-12,65,6.9
245400676,2021-07-07-2021-07-13,0,38.3
245400676,2021-07-07-2021-07-13,65,6.9
245400676,2021-07-08-2021-07-14,0,36.3
245400676,2021-07-08-2021-07-14,65,6.9
245400676,2021-07-09-2021-07-15,0,50.7
245400676,2021-07-09-2021-07-15,65,13.1
245400676,2021-07-10-2021-07-16,0,61.4
245400676,2021-07-10-2021-07-16,65,14.5
245400676,2021-07-11-2021-07-17,0,68.1
245400676,2021-07-11-2021-07-17,65,14.5
245400676,2021-07-12-2021-07-18,0,68.4
245400676,2021-07-12-2021-07-18,65,14.5
245400676,2021-07-13-2021-07-19,0,86.7
245400676,2021-07-13-2021-07-19,65,17.3
245400676,2021-07-14-2021-07-20,0,97.2
245400676,2021-07-14-2021-07-20,65,17.3
245400676,2021-07-15-2021-07-21,0,115.4
245400676,2021-07-15-2021-07-21,65,15.9
200039865,2021-06-15-2021-06-21,0,13.8
200039865,2021-06-15-2021-06-21,65,4.6
200039865,2021-06-16-2021-06-22,0,11.9
200039865,2021-06-16-2021-06-22,65,0
200039865,2021-06-17-2021-06-23,0,10.9
200039865,2021-06-17-2021-06-23,65,0
200039865,2021-06-18-2021-06-24,0,13.6
200039865,2021-06-18-2021-06-24,65,4.6
200039865,2021-06-19-2021-06-25,0,12.4
200039865,2021-06-19-2021-06-25,65,6.9
200039865,2021-06-20-2021-06-26,0,13.8
200039865,2021-06-20-2021-06-26,65,6.9
200039865,2021-06-21-2021-06-27,0,14.7
200039865,2021-06-21-2021-06-27,65,6.9
200039865,2021-06-22-2021-06-28,0,17.3
200039865,2021-06-22-2021-06-28,65,6.9
200039865,2021-06-23-2021-06-29,0,20
200039865,2021-06-23-2021-06-29,65,6.9
200039865,2021-06-24-2021-06-30,0,21.5
200039865,2021-06-24-2021-06-30,65,6.9
200039865,2021-06-25-2021-07-01,0,23.9
200039865,2021-06-25-2021-07-01,65,2.3
200039865,2021-06-26-2021-07-02,0,31.4
200039865,2021-06-26-2021-07-02,65,2.3
200039865,2021-06-27-2021-07-03,0,34.3
200039865,2021-06-27-2021-07-03,65,4.6
200039865,2021-06-28-2021-07-04,0,33.8
200039865,2021-06-28-2021-07-04,65,4.6
200039865,2021-06-29-2021-07-05,0,32.8
200039865,2021-06-29-2021-07-05,65,6.9
200039865,2021-06-30-2021-07-06,0,38
200039865,2021-06-30-2021-07-06,65,6.9
200039865,2021-07-01-2021-07-07,0,45.1
200039865,2021-07-01-2021-07-07,65,9.2
200039865,2021-07-02-2021-07-08,0,45.1
200039865,2021-07-02-2021-07-08,65,9.2
200039865,2021-07-03-2021-07-09,0,47
200039865,2021-07-03-2021-07-09,65,6.9
200039865,2021-07-04-2021-07-10,0,48.4
200039865,2021-07-04-2021-07-10,65,4.6
200039865,2021-07-05-2021-07-11,0,52.1
200039865,2021-07-05-2021-07-11,65,4.6
200039865,2021-07-06-2021-07-12,0,62.3
200039865,2021-07-06-2021-07-12,65,2.3
200039865,2021-07-07-2021-07-13,0,67.4
200039865,2021-07-07-2021-07-13,65,11.6
200039865,2021-07-08-2021-07-14,0,60.1
200039865,2021-07-08-2021-07-14,65,11.6
200039865,2021-07-09-2021-07-15,0,71.4
200039865,2021-07-09-2021-07-15,65,13.9
200039865,2021-07-10-2021-07-16,0,70.5
200039865,2021-07-10-2021-07-16,65,13.9
200039865,2021-07-11-2021-07-17,0,80.4
200039865,2021-07-11-2021-07-17,65,18.5
200039865,2021-07-12-2021-07-18,0,78.1
200039865,2021-07-12-2021-07-18,65,18.5
200039865,2021-07-13-2021-07-19,0,83.3
200039865,2021-07-13-2021-07-19,65,20.8
200039865,2021-07-14-2021-07-20,0,85.5
200039865,2021-07-14-2021-07-20,65,20.8
200039865,2021-07-15-2021-07-21,0,100.3
200039865,2021-07-15-2021-07-21,65,27.7
245900410,2021-06-15-2021-06-21,0,25.7
245900410,2021-06-15-2021-06-21,65,11.1
245900410,2021-06-16-2021-06-22,0,24.6
245900410,2021-06-16-2021-06-22,65,11.7
245900410,2021-06-17-2021-06-23,0,23.1
245900410,2021-06-17-2021-06-23,65,14.3
245900410,2021-06-18-2021-06-24,0,23.3
245900410,2021-06-18-2021-06-24,65,12.9
245900410,2021-06-19-2021-06-25,0,23.4
245900410,2021-06-19-2021-06-25,65,15.8
245900410,2021-06-20-2021-06-26,0,21.9
245900410,2021-06-20-2021-06-26,65,14.6
245900410,2021-06-21-2021-06-27,0,21.9
245900410,2021-06-21-2021-06-27,65,15.2
245900410,2021-06-22-2021-06-28,0,22.7
245900410,2021-06-22-2021-06-28,65,14.1
245900410,2021-06-23-2021-06-29,0,22.3
245900410,2021-06-23-2021-06-29,65,13.5
245900410,2021-06-24-2021-06-30,0,23.9
245900410,2021-06-24-2021-06-30,65,11.3
245900410,2021-06-25-2021-07-01,0,24.7
245900410,2021-06-25-2021-07-01,65,12
245900410,2021-06-26-2021-07-02,0,23.9
245900410,2021-06-26-2021-07-02,65,9.8
245900410,2021-06-27-2021-07-03,0,25.9
245900410,2021-06-27-2021-07-03,65,9.8
245900410,2021-06-28-2021-07-04,0,26.7
245900410,2021-06-28-2021-07-04,65,10
245900410,2021-06-29-2021-07-05,0,28.9
245900410,2021-06-29-2021-07-05,65,10.8
245900410,2021-06-30-2021-07-06,0,31.3
245900410,2021-06-30-2021-07-06,65,12.2
245900410,2021-07-01-2021-07-07,0,32.5
245900410,2021-07-01-2021-07-07,65,12.7
245900410,2021-07-02-2021-07-08,0,33.4
245900410,2021-07-02-2021-07-08,65,10.8
245900410,2021-07-03-2021-07-09,0,35.4
245900410,2021-07-03-2021-07-09,65,11.4
245900410,2021-07-04-2021-07-10,0,35.8
245900410,2021-07-04-2021-07-10,65,11.4
245900410,2021-07-05-2021-07-11,0,36.5
245900410,2021-07-05-2021-07-11,65,12.3
245900410,2021-07-06-2021-07-12,0,38.8
245900410,2021-07-06-2021-07-12,65,11.5
245900410,2021-07-07-2021-07-13,0,41.9
245900410,2021-07-07-2021-07-13,65,9.6
245900410,2021-07-08-2021-07-14,0,41.2
245900410,2021-07-08-2021-07-14,65,7.9
245900410,2021-07-09-2021-07-15,0,47.7
245900410,2021-07-09-2021-07-15,65,7.9
245900410,2021-07-10-2021-07-16,0,54.6
245900410,2021-07-10-2021-07-16,65,7.9
245900410,2021-07-11-2021-07-17,0,62.2
245900410,2021-07-11-2021-07-17,65,11.3
245900410,2021-07-12-2021-07-18,0,66.4
245900410,2021-07-12-2021-07-18,65,13.2
245900410,2021-07-13-2021-07-19,0,81.2
245900410,2021-07-13-2021-07-19,65,20.7
245900410,2021-07-14-2021-07-20,0,96.1
245900410,2021-07-14-2021-07-20,65,24.3
245900410,2021-07-15-2021-07-21,0,118.5
245900410,2021-07-15-2021-07-21,65,29.9
246300701,2021-06-15-2021-06-21,0,22.1
246300701,2021-06-15-2021-06-21,65,14.3
246300701,2021-06-16-2021-06-22,0,18.7
246300701,2021-06-16-2021-06-22,65,12.7
246300701,2021-06-17-2021-06-23,0,16.4
246300701,2021-06-17-2021-06-23,65,11.3
246300701,2021-06-18-2021-06-24,0,14.4
246300701,2021-06-18-2021-06-24,65,14.5
246300701,2021-06-19-2021-06-25,0,15.6
246300701,2021-06-19-2021-06-25,65,14.5
246300701,2021-06-20-2021-06-26,0,14.6
246300701,2021-06-20-2021-06-26,65,14.5
246300701,2021-06-21-2021-06-27,0,14.6
246300701,2021-06-21-2021-06-27,65,11.3
246300701,2021-06-22-2021-06-28,0,14.8
246300701,2021-06-22-2021-06-28,65,12.9
246300701,2021-06-23-2021-06-29,0,15.9
246300701,2021-06-23-2021-06-29,65,12.9
246300701,2021-06-24-2021-06-30,0,16.9
246300701,2021-06-24-2021-06-30,65,9.7
246300701,2021-06-25-2021-07-01,0,16.7
246300701,2021-06-25-2021-07-01,65,4.8
246300701,2021-06-26-2021-07-02,0,16
246300701,2021-06-26-2021-07-02,65,3.2
246300701,2021-06-27-2021-07-03,0,17.7
246300701,2021-06-27-2021-07-03,65,4.8
246300701,2021-06-28-2021-07-04,0,17
246300701,2021-06-28-2021-07-04,65,4.8
246300701,2021-06-29-2021-07-05,0,17.1
246300701,2021-06-29-2021-07-05,65,6.5
246300701,2021-06-30-2021-07-06,0,18.5
246300701,2021-06-30-2021-07-06,65,4.8
246300701,2021-07-01-2021-07-07,0,19.1
246300701,2021-07-01-2021-07-07,65,6.5
246300701,2021-07-02-2021-07-08,0,19.8
246300701,2021-07-02-2021-07-08,65,6.5
246300701,2021-07-03-2021-07-09,0,24
246300701,2021-07-03-2021-07-09,65,8.1
246300701,2021-07-04-2021-07-10,0,23.6
246300701,2021-07-04-2021-07-10,65,6.5
246300701,2021-07-05-2021-07-11,0,24.3
246300701,2021-07-05-2021-07-11,65,6.5
246300701,2021-07-06-2021-07-12,0,28.4
246300701,2021-07-06-2021-07-12,65,9.7
246300701,2021-07-07-2021-07-13,0,34.7
246300701,2021-07-07-2021-07-13,65,11.3
246300701,2021-07-08-2021-07-14,0,34.8
246300701,2021-07-08-2021-07-14,65,9.7
246300701,2021-07-09-2021-07-15,0,40.1
246300701,2021-07-09-2021-07-15,65,11.3
246300701,2021-07-10-2021-07-16,0,41.6
246300701,2021-07-10-2021-07-16,65,9.7
246300701,2021-07-11-2021-07-17,0,46
246300701,2021-07-11-2021-07-17,65,11.3
246300701,2021-07-12-2021-07-18,0,47
246300701,2021-07-12-2021-07-18,65,11.3
246300701,2021-07-13-2021-07-19,0,55.3
246300701,2021-07-13-2021-07-19,65,9.7
246300701,2021-07-14-2021-07-20,0,56.7
246300701,2021-07-14-2021-07-20,65,11.1
246300701,2021-07-15-2021-07-21,0,66
246300701,2021-07-15-2021-07-21,65,11.1
246700488,2021-06-15-2021-06-21,0,27.9
246700488,2021-06-15-2021-06-21,65,11.5
246700488,2021-06-16-2021-06-22,0,29.3
246700488,2021-06-16-2021-06-22,65,10.3
246700488,2021-06-17-2021-06-23,0,29.3
246700488,2021-06-17-2021-06-23,65,10.3
246700488,2021-06-18-2021-06-24,0,29.9
246700488,2021-06-18-2021-06-24,65,6.9
246700488,2021-06-19-2021-06-25,0,29.5
246700488,2021-06-19-2021-06-25,65,9.2
246700488,2021-06-20-2021-06-26,0,28.4
246700488,2021-06-20-2021-06-26,65,5.7
246700488,2021-06-21-2021-06-27,0,28.2
246700488,2021-06-21-2021-06-27,65,5.7
246700488,2021-06-22-2021-06-28,0,29.2
246700488,2021-06-22-2021-06-28,65,4.6
246700488,2021-06-23-2021-06-29,0,26.5
246700488,2021-06-23-2021-06-29,65,3.4
246700488,2021-06-24-2021-06-30,0,26.7
246700488,2021-06-24-2021-06-30,65,3.4
246700488,2021-06-25-2021-07-01,0,25.8
246700488,2021-06-25-2021-07-01,65,5.7
246700488,2021-06-26-2021-07-02,0,24.6
246700488,2021-06-26-2021-07-02,65,3.4
246700488,2021-06-27-2021-07-03,0,24.4
246700488,2021-06-27-2021-07-03,65,3.4
246700488,2021-06-28-2021-07-04,0,25
246700488,2021-06-28-2021-07-04,65,3.4
246700488,2021-06-29-2021-07-05,0,24.9
246700488,2021-06-29-2021-07-05,65,2.3
246700488,2021-06-30-2021-07-06,0,27.7
246700488,2021-06-30-2021-07-06,65,2.3
246700488,2021-07-01-2021-07-07,0,32.4
246700488,2021-07-01-2021-07-07,65,3.4
246700488,2021-07-02-2021-07-08,0,38.3
246700488,2021-07-02-2021-07-08,65,3.4
246700488,2021-07-03-2021-07-09,0,46.6
246700488,2021-07-03-2021-07-09,65,6.9
246700488,2021-07-04-2021-07-10,0,50.1
246700488,2021-07-04-2021-07-10,65,10.3
246700488,2021-07-05-2021-07-11,0,50.9
246700488,2021-07-05-2021-07-11,65,11.5
246700488,2021-07-06-2021-07-12,0,58.1
246700488,2021-07-06-2021-07-12,65,12.6
246700488,2021-07-07-2021-07-13,0,69.5
246700488,2021-07-07-2021-07-13,65,14.9
246700488,2021-07-08-2021-07-14,0,67.1
246700488,2021-07-08-2021-07-14,65,13.7
246700488,2021-07-09-2021-07-15,0,81.8
246700488,2021-07-09-2021-07-15,65,19.5
246700488,2021-07-10-2021-07-16,0,97.2
246700488,2021-07-10-2021-07-16,65,24
246700488,2021-07-11-2021-07-17,0,108.4
246700488,2021-07-11-2021-07-17,65,22.9
246700488,2021-07-12-2021-07-18,0,115.5
246700488,2021-07-12-2021-07-18,65,21.8
246700488,2021-07-13-2021-07-19,0,145.5
246700488,2021-07-13-2021-07-19,65,25.2
246700488,2021-07-14-2021-07-20,0,162.7
246700488,2021-07-14-2021-07-20,65,29.8
246700488,2021-07-15-2021-07-21,0,195.2
246700488,2021-07-15-2021-07-21,65,30.9
200046977,2021-06-15-2021-06-21,0,28.7
200046977,2021-06-15-2021-06-21,65,14.2
200046977,2021-06-16-2021-06-22,0,28.3
200046977,2021-06-16-2021-06-22,65,15.5
200046977,2021-06-17-2021-06-23,0,26.3
200046977,2021-06-17-2021-06-23,65,15.1
200046977,2021-06-18-2021-06-24,0,26
200046977,2021-06-18-2021-06-24,65,13.8
200046977,2021-06-19-2021-06-25,0,24.9
200046977,2021-06-19-2021-06-25,65,10.9
200046977,2021-06-20-2021-06-26,0,24.6
200046977,2021-06-20-2021-06-26,65,9.2
200046977,2021-06-21-2021-06-27,0,24.9
200046977,2021-06-21-2021-06-27,65,9.2
200046977,2021-06-22-2021-06-28,0,26.4
200046977,2021-06-22-2021-06-28,65,9.2
200046977,2021-06-23-2021-06-29,0,27.1
200046977,2021-06-23-2021-06-29,65,7.8
200046977,2021-06-24-2021-06-30,0,28.2
200046977,2021-06-24-2021-06-30,65,7
200046977,2021-06-25-2021-07-01,0,28.6
200046977,2021-06-25-2021-07-01,65,8.2
200046977,2021-06-26-2021-07-02,0,28.3
200046977,2021-06-26-2021-07-02,65,8.6
200046977,2021-06-27-2021-07-03,0,29
200046977,2021-06-27-2021-07-03,65,9.1
200046977,2021-06-28-2021-07-04,0,29.5
200046977,2021-06-28-2021-07-04,65,9.1
200046977,2021-06-29-2021-07-05,0,29.6
200046977,2021-06-29-2021-07-05,65,8.2
200046977,2021-06-30-2021-07-06,0,30.5
200046977,2021-06-30-2021-07-06,65,6.2
200046977,2021-07-01-2021-07-07,0,32.1
200046977,2021-07-01-2021-07-07,65,8
200046977,2021-07-02-2021-07-08,0,35.9
200046977,2021-07-02-2021-07-08,65,8.4
200046977,2021-07-03-2021-07-09,0,39.4
200046977,2021-07-03-2021-07-09,65,8.4
200046977,2021-07-04-2021-07-10,0,42.3
200046977,2021-07-04-2021-07-10,65,8.9
200046977,2021-07-05-2021-07-11,0,43.3
200046977,2021-07-05-2021-07-11,65,9.3
200046977,2021-07-06-2021-07-12,0,53.1
200046977,2021-07-06-2021-07-12,65,9.7
200046977,2021-07-07-2021-07-13,0,68.6
200046977,2021-07-07-2021-07-13,65,11.8
200046977,2021-07-08-2021-07-14,0,66.4
200046977,2021-07-08-2021-07-14,65,9.7
200046977,2021-07-09-2021-07-15,0,91.9
200046977,2021-07-09-2021-07-15,65,11.2
200046977,2021-07-10-2021-07-16,0,112.8
200046977,2021-07-10-2021-07-16,65,13.4
200046977,2021-07-11-2021-07-17,0,126.4
200046977,2021-07-11-2021-07-17,65,15.3
200046977,2021-07-12-2021-07-18,0,131.4
200046977,2021-07-12-2021-07-18,65,17.3
200046977,2021-07-13-2021-07-19,0,177.4
200046977,2021-07-13-2021-07-19,65,26
200046977,2021-07-14-2021-07-20,0,211.5
200046977,2021-07-14-2021-07-20,65,34.5
200046977,2021-07-15-2021-07-21,0,267.1
200046977,2021-07-15-2021-07-21,65,47.9
200054781,2021-06-15-2021-06-21,0,30.4
200054781,2021-06-15-2021-06-21,65,16.3
200054781,2021-06-16-2021-06-22,0,28
200054781,2021-06-16-2021-06-22,65,14.7
200054781,2021-06-17-2021-06-23,0,27.2
200054781,2021-06-17-2021-06-23,65,14.9
200054781,2021-06-18-2021-06-24,0,25.9
200054781,2021-06-18-2021-06-24,65,13.4
200054781,2021-06-19-2021-06-25,0,25.8
200054781,2021-06-19-2021-06-25,65,13.3
200054781,2021-06-20-2021-06-26,0,26.1
200054781,2021-06-20-2021-06-26,65,13.7
200054781,2021-06-21-2021-06-27,0,26.6
200054781,2021-06-21-2021-06-27,65,13.8
200054781,2021-06-22-2021-06-28,0,27.9
200054781,2021-06-22-2021-06-28,65,13.8
200054781,2021-06-23-2021-06-29,0,29.5
200054781,2021-06-23-2021-06-29,65,13.4
200054781,2021-06-24-2021-06-30,0,31.7
200054781,2021-06-24-2021-06-30,65,13
200054781,2021-06-25-2021-07-01,0,34.5
200054781,2021-06-25-2021-07-01,65,13
200054781,2021-06-26-2021-07-02,0,38.2
200054781,2021-06-26-2021-07-02,65,12.4
200054781,2021-06-27-2021-07-03,0,40.7
200054781,2021-06-27-2021-07-03,65,11.9
200054781,2021-06-28-2021-07-04,0,42
200054781,2021-06-28-2021-07-04,65,12.3
200054781,2021-06-29-2021-07-05,0,46.5
200054781,2021-06-29-2021-07-05,65,12.2
200054781,2021-06-30-2021-07-06,0,51.2
200054781,2021-06-30-2021-07-06,65,13.1
200054781,2021-07-01-2021-07-07,0,55.8
200054781,2021-07-01-2021-07-07,65,13.3
200054781,2021-07-02-2021-07-08,0,59.5
200054781,2021-07-02-2021-07-08,65,14.7
200054781,2021-07-03-2021-07-09,0,62.2
200054781,2021-07-03-2021-07-09,65,16.1
200054781,2021-07-04-2021-07-10,0,64.5
200054781,2021-07-04-2021-07-10,65,17.5
200054781,2021-07-05-2021-07-11,0,65.2
200054781,2021-07-05-2021-07-11,65,17.3
200054781,2021-07-06-2021-07-12,0,71.1
200054781,2021-07-06-2021-07-12,65,18.7
200054781,2021-07-07-2021-07-13,0,77.6
200054781,2021-07-07-2021-07-13,65,20.3
200054781,2021-07-08-2021-07-14,0,72.8
200054781,2021-07-08-2021-07-14,65,20
200054781,2021-07-09-2021-07-15,0,86.5
200054781,2021-07-09-2021-07-15,65,22.7
200054781,2021-07-10-2021-07-16,0,98.9
200054781,2021-07-10-2021-07-16,65,24.4
200054781,2021-07-11-2021-07-17,0,109.4
200054781,2021-07-11-2021-07-17,65,26.6
200054781,2021-07-12-2021-07-18,0,113.2
200054781,2021-07-12-2021-07-18,65,27.1
200054781,2021-07-13-2021-07-19,0,131.8
200054781,2021-07-13-2021-07-19,65,30.4
200054781,2021-07-14-2021-07-20,0,147.9
200054781,2021-07-14-2021-07-20,65,32.8
200054781,2021-07-15-2021-07-21,0,176.4
200054781,2021-07-15-2021-07-21,65,37.8
200023414,2021-06-15-2021-06-21,0,22.4
200023414,2021-06-15-2021-06-21,65,10.6
200023414,2021-06-16-2021-06-22,0,19.5
200023414,2021-06-16-2021-06-22,65,8.1
200023414,2021-06-17-2021-06-23,0,18.7
200023414,2021-06-17-2021-06-23,65,7.1
200023414,2021-06-18-2021-06-24,0,17
200023414,2021-06-18-2021-06-24,65,7.1
200023414,2021-06-19-2021-06-25,0,11.9
200023414,2021-06-19-2021-06-25,65,7.1
200023414,2021-06-20-2021-06-26,0,11.7
200023414,2021-06-20-2021-06-26,65,7.1
200023414,2021-06-21-2021-06-27,0,11.2
200023414,2021-06-21-2021-06-27,65,6
200023414,2021-06-22-2021-06-28,0,13
200023414,2021-06-22-2021-06-28,65,6.7
200023414,2021-06-23-2021-06-29,0,13.2
200023414,2021-06-23-2021-06-29,65,6.7
200023414,2021-06-24-2021-06-30,0,14.1
200023414,2021-06-24-2021-06-30,65,5.6
200023414,2021-06-25-2021-07-01,0,14.6
200023414,2021-06-25-2021-07-01,65,8.4
200023414,2021-06-26-2021-07-02,0,16.5
200023414,2021-06-26-2021-07-02,65,8.4
200023414,2021-06-27-2021-07-03,0,16.7
200023414,2021-06-27-2021-07-03,65,7.3
200023414,2021-06-28-2021-07-04,0,16.9
200023414,2021-06-28-2021-07-04,65,7.3
200023414,2021-06-29-2021-07-05,0,20.5
200023414,2021-06-29-2021-07-05,65,6.3
200023414,2021-06-30-2021-07-06,0,22.1
200023414,2021-06-30-2021-07-06,65,8.6
200023414,2021-07-01-2021-07-07,0,26.5
200023414,2021-07-01-2021-07-07,65,10.7
200023414,2021-07-02-2021-07-08,0,30.1
200023414,2021-07-02-2021-07-08,65,7.6
200023414,2021-07-03-2021-07-09,0,32.3
200023414,2021-07-03-2021-07-09,65,6.6
200023414,2021-07-04-2021-07-10,0,34.9
200023414,2021-07-04-2021-07-10,65,7.6
200023414,2021-07-05-2021-07-11,0,36.3
200023414,2021-07-05-2021-07-11,65,7.6
200023414,2021-07-06-2021-07-12,0,37.3
200023414,2021-07-06-2021-07-12,65,7.6
200023414,2021-07-07-2021-07-13,0,43.8
200023414,2021-07-07-2021-07-13,65,7.3
200023414,2021-07-08-2021-07-14,0,38.9
200023414,2021-07-08-2021-07-14,65,6.3
200023414,2021-07-09-2021-07-15,0,49.4
200023414,2021-07-09-2021-07-15,65,11.5
200023414,2021-07-10-2021-07-16,0,60.4
200023414,2021-07-10-2021-07-16,65,17.8
200023414,2021-07-11-2021-07-17,0,68.8
200023414,2021-07-11-2021-07-17,65,24
200023414,2021-07-12-2021-07-18,0,69.5
200023414,2021-07-12-2021-07-18,65,24
200023414,2021-07-13-2021-07-19,0,79
200023414,2021-07-13-2021-07-19,65,24
200023414,2021-07-14-2021-07-20,0,83.9
200023414,2021-07-14-2021-07-20,65,24.4
200023414,2021-07-15-2021-07-21,0,105.3
200023414,2021-07-15-2021-07-21,65,26.8
248300543,2021-06-15-2021-06-21,0,14.1
248300543,2021-06-15-2021-06-21,65,10.4
248300543,2021-06-16-2021-06-22,0,12.5
248300543,2021-06-16-2021-06-22,65,8.7
248300543,2021-06-17-2021-06-23,0,12.8
248300543,2021-06-17-2021-06-23,65,6.1
248300543,2021-06-18-2021-06-24,0,12.3
248300543,2021-06-18-2021-06-24,65,6.1
248300543,2021-06-19-2021-06-25,0,11.5
248300543,2021-06-19-2021-06-25,65,5.2
248300543,2021-06-20-2021-06-26,0,10.8
248300543,2021-06-20-2021-06-26,65,3.5
248300543,2021-06-21-2021-06-27,0,11.7
248300543,2021-06-21-2021-06-27,65,3.5
248300543,2021-06-22-2021-06-28,0,13.8
248300543,2021-06-22-2021-06-28,65,1.7
248300543,2021-06-23-2021-06-29,0,15.8
248300543,2021-06-23-2021-06-29,65,2.6
248300543,2021-06-24-2021-06-30,0,17.1
248300543,2021-06-24-2021-06-30,65,4.3
248300543,2021-06-25-2021-07-01,0,19.4
248300543,2021-06-25-2021-07-01,65,5.2
248300543,2021-06-26-2021-07-02,0,21.3
248300543,2021-06-26-2021-07-02,65,4.3
248300543,2021-06-27-2021-07-03,0,27.1
248300543,2021-06-27-2021-07-03,65,5.2
248300543,2021-06-28-2021-07-04,0,28
248300543,2021-06-28-2021-07-04,65,5.2
248300543,2021-06-29-2021-07-05,0,35.1
248300543,2021-06-29-2021-07-05,65,7
248300543,2021-06-30-2021-07-06,0,41
248300543,2021-06-30-2021-07-06,65,7.8
248300543,2021-07-01-2021-07-07,0,46.9
248300543,2021-07-01-2021-07-07,65,13
248300543,2021-07-02-2021-07-08,0,53.1
248300543,2021-07-02-2021-07-08,65,12.2
248300543,2021-07-03-2021-07-09,0,61
248300543,2021-07-03-2021-07-09,65,15.7
248300543,2021-07-04-2021-07-10,0,63.2
248300543,2021-07-04-2021-07-10,65,17.4
248300543,2021-07-05-2021-07-11,0,63.3
248300543,2021-07-05-2021-07-11,65,17.4
248300543,2021-07-06-2021-07-12,0,71.2
248300543,2021-07-06-2021-07-12,65,23
248300543,2021-07-07-2021-07-13,0,79.7
248300543,2021-07-07-2021-07-13,65,25.6
248300543,2021-07-08-2021-07-14,0,72.9
248300543,2021-07-08-2021-07-14,65,19.5
248300543,2021-07-09-2021-07-15,0,83.9
248300543,2021-07-09-2021-07-15,65,23.8
248300543,2021-07-10-2021-07-16,0,99.5
248300543,2021-07-10-2021-07-16,65,28.5
248300543,2021-07-11-2021-07-17,0,111.4
248300543,2021-07-11-2021-07-17,65,32.8
248300543,2021-07-12-2021-07-18,0,113.5
248300543,2021-07-12-2021-07-18,65,33.7
248300543,2021-07-13-2021-07-19,0,136.2
248300543,2021-07-13-2021-07-19,65,33.2
248300543,2021-07-14-2021-07-20,0,164.7
248300543,2021-07-14-2021-07-20,65,34.1
248300543,2021-07-15-2021-07-21,0,215.9
248300543,2021-07-15-2021-07-21,65,41.4
